project_id,object_id,current_time,init_time,active_time,error_time,pause_time
3,0,5,5,0,0,0
3,0,5,5,0,0,0
3,1,5,5,0,0,0
3,1,5,5,0,0,0
3,2,5,5,0,0,0
3,2,5,5,0,0,0
3,3,5,5,0,0,0
3,3,5,5,0,0,0
3,4,5,5,0,0,0
3,4,5,5,0,0,0
3,5,5,5,0,0,0
3,5,5,5,0,0,0
3,6,5,5,0,0,0
3,6,5,5,0,0,0
3,7,5,5,0,0,0
3,7,5,5,0,0,0
3,8,5,5,0,0,0
3,8,5,5,0,0,0
3,9,5,5,0,0,0
3,9,5,5,0,0,0
3,10,5,5,0,0,0
3,10,5,5,0,0,0
3,11,5,5,0,0,0
3,11,5,5,0,0,0
3,12,5,5,0,0,0
3,12,5,5,0,0,0
3,13,5,5,0,0,0
3,13,5,5,0,0,0
3,14,5,5,0,0,0
3,14,5,5,0,0,0
3,15,5,5,0,0,0
3,15,5,5,0,0,0
3,16,5,5,0,0,0
3,16,5,5,0,0,0
3,17,5,5,0,0,0
3,17,5,5,0,0,0
3,18,5,5,0,0,0
3,18,5,5,0,0,0
3,19,5,5,0,0,0
3,19,5,5,0,0,0
3,20,5,5,0,0,0
3,20,5,5,0,0,0
3,21,5,5,0,0,0
3,21,5,5,0,0,0
3,22,5,5,0,0,0
3,22,5,5,0,0,0
3,23,5,5,0,0,0
3,23,5,5,0,0,0
3,24,5,5,0,0,0
3,24,5,5,0,0,0
3,25,5,5,0,0,0
3,25,5,5,0,0,0
3,26,5,5,0,0,0
3,26,5,5,0,0,0
3,27,5,5,0,0,0
3,27,5,5,0,0,0
3,28,5,5,0,0,0
3,28,5,5,0,0,0
3,29,5,5,0,0,0
3,29,5,5,0,0,0
3,30,5,5,0,0,0
3,30,5,5,0,0,0
3,31,5,5,0,0,0
3,31,5,5,0,0,0
3,32,5,5,0,0,0
3,32,5,5,0,0,0
3,0,10,5,5,0,0
3,0,10,5,5,0,0
3,1,10,5,5,0,0
3,1,10,5,5,0,0
3,2,10,5,5,0,0
3,2,10,5,5,0,0
3,3,10,5,5,0,0
3,3,10,5,5,0,0
3,4,10,5,5,0,0
3,4,10,5,5,0,0
3,5,10,5,5,0,0
3,5,10,5,5,0,0
3,6,10,5,5,0,0
3,6,10,5,5,0,0
3,26,10,5,5,0,0
3,26,10,5,5,0,0
3,27,10,5,5,0,0
3,27,10,5,5,0,0
3,28,10,5,5,0,0
3,28,10,5,5,0,0
3,29,10,5,5,0,0
3,29,10,5,5,0,0
3,30,10,5,5,0,0
3,30,10,5,5,0,0
3,31,10,5,5,0,0
3,31,10,5,5,0,0
3,32,10,5,5,0,0
3,32,10,5,5,0,0
3,0,10,5,5,0,0
3,5,10,5,5,0,0
3,6,10,5,5,0,0
3,4,10,5,5,0,0
3,3,10,5,5,0,0
3,2,10,5,5,0,0
3,1,10,5,5,0,0
3,1,11,5,6,0,0
3,11,11,5,6,0,0
3,2,11,5,6,0,0
3,0,11,5,6,0,0
3,10,11,5,6,0,0
3,3,11,5,6,0,0
3,9,11,5,6,0,0
3,6,11,5,6,0,0
3,23,11,5,6,0,0
3,7,11,5,6,0,0
3,22,11,5,6,0,0
3,5,11,5,6,0,0
3,4,11,5,6,0,0
3,13,11,5,6,0,0
3,10,13,5,8,0,0
3,12,13,5,8,0,0
3,9,13,5,8,0,0
3,26,13,5,8,0,0
3,23,13,5,8,0,0
3,11,13,5,8,0,0
3,26,13,5,8,0,0
3,22,13,5,8,0,0
3,7,13,5,8,0,0
3,30,13,5,8,0,0
3,8,13,5,8,0,0
3,13,13,5,8,0,0
3,30,13,5,8,0,0
3,27,13,5,8,0,0
3,0,15,5,10,0,0
3,0,15,5,10,0,0
3,1,15,5,10,0,0
3,1,15,5,10,0,0
3,2,15,5,10,0,0
3,2,15,5,10,0,0
3,3,15,5,10,0,0
3,3,15,5,10,0,0
3,4,15,5,10,0,0
3,4,15,5,10,0,0
3,5,15,5,10,0,0
3,5,15,5,10,0,0
3,6,15,5,10,0,0
3,6,15,5,10,0,0
3,26,15,5,10,0,0
3,26,15,5,10,0,0
3,27,15,5,10,0,0
3,27,15,5,10,0,0
3,28,15,5,10,0,0
3,28,15,5,10,0,0
3,29,15,5,10,0,0
3,29,15,5,10,0,0
3,30,15,5,10,0,0
3,30,15,5,10,0,0
3,31,15,5,10,0,0
3,31,15,5,10,0,0
3,32,15,5,10,0,0
3,32,15,5,10,0,0
3,2,15,5,10,0,0
3,0,15,5,10,0,0
3,1,15,5,10,0,0
3,3,15,5,10,0,0
3,26,15,5,10,0,0
3,12,15,5,10,0,0
3,8,15,5,10,0,0
3,26,15,5,10,0,0
3,6,15,5,10,0,0
3,5,15,5,10,0,0
3,4,15,5,10,0,0
3,5,16,5,11,0,0
3,22,16,5,11,0,0
3,6,16,5,11,0,0
3,2,16,5,11,0,0
3,23,16,5,11,0,0
3,4,16,5,11,0,0
3,3,16,5,11,0,0
3,11,16,5,11,0,0
3,13,16,5,11,0,0
3,1,16,5,11,0,0
3,10,16,5,11,0,0
3,9,16,5,11,0,0
3,0,16,5,11,0,0
3,7,16,5,11,0,0
3,7,17,5,12,0,0
3,26,17,5,12,0,0
3,8,17,5,12,0,0
3,23,17,5,12,0,0
3,9,17,5,12,0,0
3,22,17,5,12,0,0
3,13,17,5,12,0,0
3,30,17,5,12,0,0
3,27,17,5,12,0,0
3,30,17,5,12,0,0
3,11,17,5,12,0,0
3,10,17,5,12,0,0
3,12,17,5,12,0,0
3,26,17,5,12,0,0
3,27,18,5,13,0,0
3,30,18,5,13,0,0
3,21,18,5,13,0,0
3,18,18,5,13,0,0
3,12,19,5,14,0,0
3,26,19,5,14,0,0
3,26,19,5,14,0,0
3,8,19,5,14,0,0
3,0,20,5,15,0,0
3,0,20,5,15,0,0
3,1,20,5,15,0,0
3,1,20,5,15,0,0
3,2,20,5,15,0,0
3,2,20,5,15,0,0
3,3,20,5,15,0,0
3,3,20,5,15,0,0
3,4,20,5,15,0,0
3,4,20,5,15,0,0
3,5,20,5,15,0,0
3,5,20,5,15,0,0
3,6,20,5,15,0,0
3,6,20,5,15,0,0
3,26,20,5,15,0,0
3,26,20,5,15,0,0
3,27,20,5,15,0,0
3,27,20,5,15,0,0
3,28,20,5,15,0,0
3,28,20,5,15,0,0
3,29,20,5,15,0,0
3,29,20,5,15,0,0
3,30,20,5,15,0,0
3,30,20,5,15,0,0
3,31,20,5,15,0,0
3,31,20,5,15,0,0
3,32,20,5,15,0,0
3,32,20,5,15,0,0
3,2,20,5,15,0,0
3,26,20,5,15,0,0
3,1,20,5,15,0,0
3,0,20,5,15,0,0
3,21,20,5,15,0,0
3,14,20,5,15,0,0
3,17,20,5,15,0,0
3,18,20,5,15,0,0
3,19,20,5,15,0,0
3,29,20,5,15,0,0
3,6,20,5,15,0,0
3,5,20,5,15,0,0
3,4,20,5,15,0,0
3,3,20,5,15,0,0
3,6,21,5,16,0,0
3,23,21,5,16,0,0
3,5,21,5,16,0,0
3,4,21,5,16,0,0
3,22,21,5,16,0,0
3,13,21,5,16,0,0
3,3,21,5,16,0,0
3,10,21,5,16,0,0
3,11,21,5,16,0,0
3,2,21,5,16,0,0
3,1,21,5,16,0,0
3,0,21,5,16,0,0
3,7,21,5,16,0,0
3,9,21,5,16,0,0
3,19,22,5,17,0,0
3,14,22,5,17,0,0
3,28,22,5,17,0,0
3,15,22,5,17,0,0
3,7,23,5,18,0,0
3,8,23,5,18,0,0
3,26,23,5,18,0,0
3,23,23,5,18,0,0
3,9,23,5,18,0,0
3,22,23,5,18,0,0
3,30,23,5,18,0,0
3,30,23,5,18,0,0
3,27,23,5,18,0,0
3,13,23,5,18,0,0
3,11,23,5,18,0,0
3,10,23,5,18,0,0
3,12,23,5,18,0,0
3,26,23,5,18,0,0
3,15,24,5,19,0,0
3,16,24,5,19,0,0
3,0,25,5,20,0,0
3,0,25,5,20,0,0
3,1,25,5,20,0,0
3,1,25,5,20,0,0
3,2,25,5,20,0,0
3,2,25,5,20,0,0
3,3,25,5,20,0,0
3,3,25,5,20,0,0
3,4,25,5,20,0,0
3,4,25,5,20,0,0
3,5,25,5,20,0,0
3,5,25,5,20,0,0
3,6,25,5,20,0,0
3,6,25,5,20,0,0
3,26,25,5,20,0,0
3,26,25,5,20,0,0
3,27,25,5,20,0,0
3,27,25,5,20,0,0
3,28,25,5,20,0,0
3,28,25,5,20,0,0
3,29,25,5,20,0,0
3,29,25,5,20,0,0
3,30,25,5,20,0,0
3,30,25,5,20,0,0
3,31,25,5,20,0,0
3,31,25,5,20,0,0
3,32,25,5,20,0,0
3,32,25,5,20,0,0
3,12,25,5,20,0,0
3,26,25,5,20,0,0
3,26,25,5,20,0,0
3,8,25,5,20,0,0
3,6,25,5,20,0,0
3,4,25,5,20,0,0
3,5,25,5,20,0,0
3,3,25,5,20,0,0
3,2,25,5,20,0,0
3,1,25,5,20,0,0
3,0,25,5,20,0,0
3,16,26,5,21,0,0
3,6,26,5,21,0,0
3,5,26,5,21,0,0
3,22,26,5,21,0,0
3,4,26,5,21,0,0
3,11,26,5,21,0,0
3,13,26,5,21,0,0
3,3,26,5,21,0,0
3,23,26,5,21,0,0
3,2,26,5,21,0,0
3,0,26,5,21,0,0
3,10,26,5,21,0,0
3,1,26,5,21,0,0
3,9,26,5,21,0,0
3,7,26,5,21,0,0
3,29,26,5,21,0,0
3,22,27,5,22,0,0
3,23,27,5,22,0,0
3,30,27,5,22,0,0
3,27,27,5,22,0,0
3,13,27,5,22,0,0
3,30,27,5,22,0,0
3,11,27,5,22,0,0
3,12,27,5,22,0,0
3,9,27,5,22,0,0
3,10,27,5,22,0,0
3,26,27,5,22,0,0
3,7,27,5,22,0,0
3,8,27,5,22,0,0
3,26,27,5,22,0,0
3,14,28,5,23,0,0
3,21,28,5,23,0,0
3,30,28,5,23,0,0
3,27,28,5,23,0,0
3,17,28,5,23,0,0
3,18,28,5,23,0,0
3,26,28,5,23,0,0
3,8,29,5,24,0,0
3,12,29,5,24,0,0
3,26,29,5,24,0,0
3,26,29,5,24,0,0
3,0,30,5,25,0,0
3,0,30,5,25,0,0
3,1,30,5,25,0,0
3,1,30,5,25,0,0
3,2,30,5,25,0,0
3,2,30,5,25,0,0
3,3,30,5,25,0,0
3,3,30,5,25,0,0
3,4,30,5,25,0,0
3,4,30,5,25,0,0
3,5,30,5,25,0,0
3,5,30,5,25,0,0
3,6,30,5,25,0,0
3,6,30,5,25,0,0
3,26,30,5,25,0,0
3,26,30,5,25,0,0
3,27,30,5,25,0,0
3,27,30,5,25,0,0
3,28,30,5,25,0,0
3,28,30,5,25,0,0
3,29,30,5,25,0,0
3,29,30,5,25,0,0
3,30,30,5,25,0,0
3,30,30,5,25,0,0
3,31,30,5,25,0,0
3,31,30,5,25,0,0
3,32,30,5,25,0,0
3,32,30,5,25,0,0
3,18,30,5,25,0,0
3,19,30,5,25,0,0
3,17,30,5,25,0,0
3,6,30,5,25,0,0
3,28,30,5,25,0,0
3,5,30,5,25,0,0
3,3,30,5,25,0,0
3,2,30,5,25,0,0
3,21,30,5,25,0,0
3,1,30,5,25,0,0
3,4,30,5,25,0,0
3,0,30,5,25,0,0
3,29,30,5,25,0,0
3,19,32,5,27,0,0
3,28,32,5,25,2,0
3,0,35,5,25,5,0
3,0,35,5,25,5,0
3,1,35,5,25,5,0
3,1,35,5,25,5,0
3,2,35,5,25,5,0
3,2,35,5,25,5,0
3,3,35,5,25,5,0
3,3,35,5,25,5,0
3,4,35,5,25,5,0
3,4,35,5,25,5,0
3,5,35,5,25,5,0
3,5,35,5,25,5,0
3,6,35,5,25,5,0
3,6,35,5,25,5,0
3,26,35,5,25,5,0
3,26,35,5,25,5,0
3,27,35,5,25,5,0
3,27,35,5,25,5,0
3,28,35,5,25,5,0
3,28,35,5,25,5,0
3,29,35,5,25,5,0
3,29,35,5,25,5,0
3,30,35,5,25,5,0
3,30,35,5,25,5,0
3,31,35,5,25,5,0
3,31,35,5,25,5,0
3,32,35,5,25,5,0
3,32,35,5,25,5,0
3,5,36,5,26,5,0
3,6,36,5,26,5,0
3,2,36,5,26,5,0
3,23,36,5,31,0,0
3,4,36,5,26,5,0
3,13,36,5,31,0,0
3,11,36,5,31,0,0
3,3,36,5,26,5,0
3,9,36,5,31,0,0
3,10,36,5,31,0,0
3,1,36,5,26,5,0
3,0,36,5,26,5,0
3,22,36,5,31,0,0
3,7,36,5,31,0,0
3,22,37,5,32,0,0
3,30,37,5,27,5,0
3,30,37,5,27,5,0
3,23,37,5,32,0,0
3,11,37,5,32,0,0
3,26,37,5,27,5,0
3,13,37,5,32,0,0
3,27,37,5,27,5,0
3,10,37,5,32,0,0
3,9,37,5,32,0,0
3,12,37,5,32,0,0
3,7,37,5,32,0,0
3,8,37,5,32,0,0
3,26,37,5,27,5,0
3,26,39,5,29,5,0
3,26,39,5,29,5,0
3,12,39,5,34,0,0
3,8,39,5,34,0,0
3,0,40,5,30,5,0
3,0,40,5,30,5,0
3,1,40,5,30,5,0
3,1,40,5,30,5,0
3,2,40,5,30,5,0
3,2,40,5,30,5,0
3,3,40,5,30,5,0
3,3,40,5,30,5,0
3,4,40,5,30,5,0
3,4,40,5,30,5,0
3,5,40,5,30,5,0
3,5,40,5,30,5,0
3,6,40,5,30,5,0
3,6,40,5,30,5,0
3,26,40,5,30,5,0
3,26,40,5,30,5,0
3,27,40,5,30,5,0
3,27,40,5,30,5,0
3,28,40,5,30,5,0
3,28,40,5,30,5,0
3,29,40,5,30,5,0
3,29,40,5,30,5,0
3,30,40,5,30,5,0
3,30,40,5,30,5,0
3,31,40,5,30,5,0
3,31,40,5,30,5,0
3,32,40,5,30,5,0
3,32,40,5,30,5,0
3,30,40,5,30,5,0
3,27,40,5,30,5,0
3,28,40,5,30,5,0
3,20,40,5,35,0,0
3,14,40,5,35,0,0
3,18,40,5,35,0,0
3,17,40,5,35,0,0
3,26,40,5,30,5,0
3,6,40,5,30,5,0
3,4,40,5,30,5,0
3,3,40,5,30,5,0
3,2,40,5,30,5,0
3,1,40,5,30,5,0
3,5,40,5,30,5,0
3,21,40,5,35,0,0
3,0,40,5,30,5,0
3,6,41,5,31,5,0
3,5,41,5,31,5,0
3,4,41,5,31,5,0
3,23,41,5,36,0,0
3,3,41,5,31,5,0
3,13,41,5,36,0,0
3,11,41,5,36,0,0
3,2,41,5,31,5,0
3,1,41,5,31,5,0
3,10,41,5,36,0,0
3,0,41,5,31,5,0
3,9,41,5,36,0,0
3,22,41,5,36,0,0
3,7,41,5,36,0,0
3,28,42,5,32,5,0
3,29,42,5,32,5,0
3,20,42,5,37,0,0
3,21,42,5,37,0,0
3,18,42,5,37,0,0
3,29,42,5,32,5,0
3,17,42,5,37,0,0
3,19,42,5,37,0,0
3,13,43,5,38,0,0
3,27,43,5,33,5,0
3,22,43,5,38,0,0
3,23,43,5,38,0,0
3,30,43,5,33,5,0
3,30,43,5,33,5,0
3,11,43,5,38,0,0
3,12,43,5,38,0,0
3,9,43,5,38,0,0
3,10,43,5,38,0,0
3,26,43,5,33,5,0
3,7,43,5,38,0,0
3,8,43,5,38,0,0
3,26,43,5,33,5,0
3,19,44,5,39,0,0
3,28,44,5,34,5,0
3,0,45,5,35,5,0
3,0,45,5,35,5,0
3,1,45,5,35,5,0
3,1,45,5,35,5,0
3,2,45,5,35,5,0
3,2,45,5,35,5,0
3,3,45,5,35,5,0
3,3,45,5,35,5,0
3,4,45,5,35,5,0
3,4,45,5,35,5,0
3,5,45,5,35,5,0
3,5,45,5,35,5,0
3,6,45,5,35,5,0
3,6,45,5,35,5,0
3,26,45,5,35,5,0
3,26,45,5,35,5,0
3,27,45,5,35,5,0
3,27,45,5,35,5,0
3,28,45,5,35,5,0
3,28,45,5,35,5,0
3,29,45,5,35,5,0
3,29,45,5,35,5,0
3,30,45,5,35,5,0
3,30,45,5,35,5,0
3,31,45,5,35,5,0
3,31,45,5,35,5,0
3,32,45,5,35,5,0
3,32,45,5,35,5,0
3,26,45,5,35,5,0
3,30,45,5,35,5,0
3,18,45,5,40,0,0
3,14,45,5,40,0,0
3,26,45,5,35,5,0
3,1,45,5,35,5,0
3,6,45,5,35,5,0
3,26,45,5,35,5,0
3,8,45,5,40,0,0
3,5,45,5,35,5,0
3,3,45,5,35,5,0
3,2,45,5,35,5,0
3,12,45,5,40,0,0
3,0,45,5,35,5,0
3,27,45,5,35,5,0
3,4,45,5,35,5,0
3,21,45,5,40,0,0
3,17,45,5,40,0,0
3,4,46,5,36,5,0
3,22,46,5,41,0,0
3,21,46,5,41,0,0
3,3,46,5,36,5,0
3,1,46,5,36,5,0
3,13,46,5,41,0,0
3,29,46,5,36,5,0
3,11,46,5,41,0,0
3,6,46,5,36,5,0
3,2,46,5,36,5,0
3,19,46,5,41,0,0
3,10,46,5,41,0,0
3,0,46,5,36,5,0
3,9,46,5,41,0,0
3,7,46,5,41,0,0
3,23,46,5,41,0,0
3,14,46,5,41,0,0
3,18,46,5,41,0,0
3,5,46,5,36,5,0
3,15,46,5,41,0,0
3,28,47,5,37,5,0
3,24,47,5,42,0,0
3,22,47,5,42,0,0
3,7,47,5,42,0,0
3,30,47,5,37,5,0
3,13,47,5,42,0,0
3,30,47,5,37,5,0
3,11,47,5,42,0,0
3,12,47,5,42,0,0
3,10,47,5,42,0,0
3,26,47,5,37,5,0
3,20,47,5,42,0,0
3,26,47,5,37,5,0
3,25,47,5,42,0,0
3,27,47,5,37,5,0
3,29,47,5,37,5,0
3,9,47,5,42,0,0
3,8,47,5,42,0,0
3,23,47,5,42,0,0
3,19,48,5,43,0,0
3,16,48,5,43,0,0
3,20,48,5,43,0,0
3,15,48,5,43,0,0
3,29,48,5,38,5,0
3,28,48,5,38,5,0
3,12,49,5,44,0,0
3,24,49,5,44,0,0
3,26,49,5,39,5,0
3,26,49,5,39,5,0
3,8,49,5,44,0,0
3,0,50,5,40,5,0
3,0,50,5,40,5,0
3,1,50,5,40,5,0
3,1,50,5,40,5,0
3,2,50,5,40,5,0
3,2,50,5,40,5,0
3,3,50,5,40,5,0
3,3,50,5,40,5,0
3,4,50,5,40,5,0
3,4,50,5,40,5,0
3,5,50,5,40,5,0
3,5,50,5,40,5,0
3,6,50,5,40,5,0
3,6,50,5,40,5,0
3,26,50,5,40,5,0
3,26,50,5,40,5,0
3,27,50,5,40,5,0
3,27,50,5,40,5,0
3,28,50,5,40,5,0
3,28,50,5,40,5,0
3,29,50,5,40,5,0
3,29,50,5,40,5,0
3,30,50,5,40,5,0
3,30,50,5,40,5,0
3,31,50,5,40,5,0
3,31,50,5,40,5,0
3,32,50,5,40,5,0
3,32,50,5,40,5,0
3,26,50,5,40,5,0
3,16,50,5,45,0,0
3,14,50,5,45,0,0
3,17,50,5,45,0,0
3,18,50,5,45,0,0
3,29,50,5,40,5,0
3,6,50,5,40,5,0
3,5,50,5,40,5,0
3,4,50,5,40,5,0
3,3,50,5,40,5,0
3,2,50,5,40,5,0
3,1,50,5,40,5,0
3,0,50,5,40,5,0
3,27,50,5,40,5,0
3,30,50,5,40,5,0
3,21,50,5,45,0,0
3,5,51,5,41,5,0
3,4,51,5,41,5,0
3,23,51,5,46,0,0
3,3,51,5,41,5,0
3,22,51,5,46,0,0
3,11,51,5,46,0,0
3,1,51,5,41,5,0
3,2,51,5,41,5,0
3,10,51,5,46,0,0
3,9,51,5,46,0,0
3,7,51,5,46,0,0
3,0,51,5,41,5,0
3,13,51,5,46,0,0
3,6,51,5,41,5,0
3,29,52,5,42,5,0
3,19,52,5,47,0,0
3,18,52,5,47,0,0
3,21,52,5,47,0,0
3,24,52,5,47,0,0
3,25,52,5,47,0,0
3,29,52,5,42,5,0
3,14,52,5,47,0,0
3,15,52,5,47,0,0
3,11,53,5,48,0,0
3,23,53,5,48,0,0
3,30,53,5,43,5,0
3,22,53,5,48,0,0
3,30,53,5,43,5,0
3,13,53,5,48,0,0
3,27,53,5,43,5,0
3,26,53,5,43,5,0
3,10,53,5,48,0,0
3,12,53,5,48,0,0
3,9,53,5,48,0,0
3,7,53,5,48,0,0
3,8,53,5,48,0,0
3,26,53,5,43,5,0
3,28,54,5,44,5,0
3,25,54,5,49,0,0
3,19,54,5,49,0,0
3,15,54,5,49,0,0
3,16,54,5,49,0,0
3,0,55,5,45,5,0
3,0,55,5,45,5,0
3,1,55,5,45,5,0
3,1,55,5,45,5,0
3,2,55,5,45,5,0
3,2,55,5,45,5,0
3,3,55,5,45,5,0
3,3,55,5,45,5,0
3,4,55,5,45,5,0
3,4,55,5,45,5,0
3,5,55,5,45,5,0
3,5,55,5,45,5,0
3,6,55,5,45,5,0
3,6,55,5,45,5,0
3,26,55,5,45,5,0
3,26,55,5,45,5,0
3,27,55,5,45,5,0
3,27,55,5,45,5,0
3,28,55,5,45,5,0
3,28,55,5,45,5,0
3,29,55,5,45,5,0
3,29,55,5,45,5,0
3,30,55,5,45,5,0
3,30,55,5,45,5,0
3,31,55,5,45,5,0
3,31,55,5,45,5,0
3,32,55,5,45,5,0
3,32,55,5,45,5,0
3,17,55,5,50,0,0
3,14,55,5,50,0,0
3,26,55,5,45,5,0
3,8,55,5,50,0,0
3,5,55,5,45,5,0
3,26,55,5,45,5,0
3,30,55,5,45,5,0
3,3,55,5,45,5,0
3,0,55,5,45,5,0
3,2,55,5,45,5,0
3,1,55,5,45,5,0
3,12,55,5,50,0,0
3,26,55,5,45,5,0
3,18,55,5,50,0,0
3,6,55,5,45,5,0
3,21,55,5,50,0,0
3,27,55,5,45,5,0
3,4,55,5,45,5,0
3,5,56,5,46,5,0
3,21,56,5,51,0,0
3,22,56,5,51,0,0
3,10,56,5,51,0,0
3,11,56,5,51,0,0
3,1,56,5,46,5,0
3,17,56,5,51,0,0
3,2,56,5,46,5,0
3,0,56,5,46,5,0
3,9,56,5,51,0,0
3,6,56,5,46,5,0
3,29,56,5,46,5,0
3,13,56,5,51,0,0
3,3,56,5,46,5,0
3,29,56,5,46,5,0
3,7,56,5,51,0,0
3,19,56,5,51,0,0
3,4,56,5,46,5,0
3,18,56,5,51,0,0
3,28,56,5,46,5,0
3,23,56,5,51,0,0
3,16,56,5,51,0,0
3,22,57,5,52,0,0
3,23,57,5,52,0,0
3,30,57,5,47,5,0
3,27,57,5,47,5,0
3,30,57,5,47,5,0
3,13,57,5,52,0,0
3,11,57,5,52,0,0
3,8,57,5,52,0,0
3,12,57,5,52,0,0
3,9,57,5,52,0,0
3,10,57,5,52,0,0
3,26,57,5,47,5,0
3,7,57,5,52,0,0
3,26,57,5,47,5,0
3,19,58,5,53,0,0
3,28,58,5,48,5,0
3,12,59,5,54,0,0
3,26,59,5,49,5,0
3,26,59,5,49,5,0
3,8,59,5,54,0,0
3,0,60,5,50,5,0
3,0,60,5,50,5,0
3,1,60,5,50,5,0
3,1,60,5,50,5,0
3,2,60,5,50,5,0
3,2,60,5,50,5,0
3,3,60,5,50,5,0
3,3,60,5,50,5,0
3,4,60,5,50,5,0
3,4,60,5,50,5,0
3,5,60,5,50,5,0
3,5,60,5,50,5,0
3,6,60,5,50,5,0
3,6,60,5,50,5,0
3,26,60,5,50,5,0
3,26,60,5,50,5,0
3,27,60,5,50,5,0
3,27,60,5,50,5,0
3,28,60,5,50,5,0
3,28,60,5,50,5,0
3,29,60,5,50,5,0
3,29,60,5,50,5,0
3,30,60,5,50,5,0
3,30,60,5,50,5,0
3,31,60,5,50,5,0
3,31,60,5,50,5,0
3,32,60,5,50,5,0
3,32,60,5,50,5,0
3,14,60,5,55,0,0
3,5,60,5,50,5,0
3,6,60,5,50,5,0
3,0,60,5,50,5,0
3,3,60,5,50,5,0
3,21,60,5,55,0,0
3,26,60,5,50,5,0
3,18,60,5,55,0,0
3,2,60,5,50,5,0
3,17,60,5,55,0,0
3,4,60,5,50,5,0
3,30,60,5,50,5,0
3,1,60,5,50,5,0
3,27,60,5,50,5,0
3,17,62,5,57,0,0
3,21,62,5,57,0,0
3,29,62,5,50,7,0
3,19,62,5,57,0,0
3,18,62,5,57,0,0
3,28,62,5,50,7,0
3,19,64,5,59,0,0
3,28,64,5,50,9,0
3,0,65,5,50,10,0
3,0,65,5,50,10,0
3,1,65,5,50,10,0
3,1,65,5,50,10,0
3,2,65,5,50,10,0
3,2,65,5,50,10,0
3,3,65,5,50,10,0
3,3,65,5,50,10,0
3,4,65,5,50,10,0
3,4,65,5,50,10,0
3,5,65,5,50,10,0
3,5,65,5,50,10,0
3,6,65,5,50,10,0
3,6,65,5,50,10,0
3,26,65,5,50,10,0
3,26,65,5,50,10,0
3,27,65,5,50,10,0
3,27,65,5,50,10,0
3,28,65,5,50,10,0
3,28,65,5,50,10,0
3,29,65,5,50,10,0
3,29,65,5,50,10,0
3,30,65,5,50,10,0
3,30,65,5,50,10,0
3,31,65,5,50,10,0
3,31,65,5,50,10,0
3,32,65,5,50,10,0
3,32,65,5,50,10,0
3,5,66,5,51,10,0
3,4,66,5,51,10,0
3,3,66,5,51,10,0
3,22,66,5,61,0,0
3,23,66,5,61,0,0
3,1,66,5,51,10,0
3,11,66,5,61,0,0
3,10,66,5,61,0,0
3,2,66,5,51,10,0
3,0,66,5,51,10,0
3,9,66,5,61,0,0
3,13,66,5,61,0,0
3,7,66,5,61,0,0
3,6,66,5,51,10,0
3,23,67,5,62,0,0
3,30,67,5,52,10,0
3,30,67,5,52,10,0
3,22,67,5,62,0,0
3,13,67,5,62,0,0
3,27,67,5,52,10,0
3,10,67,5,62,0,0
3,11,67,5,62,0,0
3,12,67,5,62,0,0
3,9,67,5,62,0,0
3,26,67,5,52,10,0
3,26,67,5,52,10,0
3,7,67,5,62,0,0
3,8,67,5,62,0,0
3,12,69,5,64,0,0
3,26,69,5,54,10,0
3,26,69,5,54,10,0
3,8,69,5,64,0,0
3,0,70,5,55,10,0
3,0,70,5,55,10,0
3,1,70,5,55,10,0
3,1,70,5,55,10,0
3,2,70,5,55,10,0
3,2,70,5,55,10,0
3,3,70,5,55,10,0
3,3,70,5,55,10,0
3,4,70,5,55,10,0
3,4,70,5,55,10,0
3,5,70,5,55,10,0
3,5,70,5,55,10,0
3,6,70,5,55,10,0
3,6,70,5,55,10,0
3,26,70,5,55,10,0
3,26,70,5,55,10,0
3,27,70,5,55,10,0
3,27,70,5,55,10,0
3,28,70,5,55,10,0
3,28,70,5,55,10,0
3,29,70,5,55,10,0
3,29,70,5,55,10,0
3,30,70,5,55,10,0
3,30,70,5,55,10,0
3,31,70,5,55,10,0
3,31,70,5,55,10,0
3,32,70,5,55,10,0
3,32,70,5,55,10,0
3,28,70,5,55,10,0
3,30,70,5,55,10,0
3,20,70,5,65,0,0
3,18,70,5,65,0,0
3,1,70,5,55,10,0
3,21,70,5,65,0,0
3,27,70,5,55,10,0
3,26,70,5,55,10,0
3,6,70,5,55,10,0
3,14,70,5,65,0,0
3,5,70,5,55,10,0
3,4,70,5,55,10,0
3,3,70,5,55,10,0
3,2,70,5,55,10,0
3,17,70,5,65,0,0
3,0,70,5,55,10,0
3,6,71,5,56,10,0
3,5,71,5,56,10,0
3,4,71,5,56,10,0
3,3,71,5,56,10,0
3,11,71,5,66,0,0
3,22,71,5,66,0,0
3,2,71,5,56,10,0
3,13,71,5,66,0,0
3,10,71,5,66,0,0
3,1,71,5,56,10,0
3,0,71,5,56,10,0
3,23,71,5,66,0,0
3,7,71,5,66,0,0
3,9,71,5,66,0,0
3,18,72,5,67,0,0
3,21,72,5,67,0,0
3,20,72,5,67,0,0
3,29,72,5,57,10,0
3,29,72,5,57,10,0
3,19,72,5,67,0,0
3,15,72,5,67,0,0
3,14,72,5,67,0,0
3,23,73,5,68,0,0
3,30,73,5,58,10,0
3,30,73,5,58,10,0
3,22,73,5,68,0,0
3,13,73,5,68,0,0
3,26,73,5,58,10,0
3,27,73,5,58,10,0
3,10,73,5,68,0,0
3,11,73,5,68,0,0
3,12,73,5,68,0,0
3,9,73,5,68,0,0
3,7,73,5,68,0,0
3,8,73,5,68,0,0
3,26,73,5,58,10,0
3,19,74,5,69,0,0
3,28,74,5,59,10,0
3,15,74,5,69,0,0
3,16,74,5,69,0,0
3,0,75,5,60,10,0
3,0,75,5,60,10,0
3,1,75,5,60,10,0
3,1,75,5,60,10,0
3,2,75,5,60,10,0
3,2,75,5,60,10,0
3,3,75,5,60,10,0
3,3,75,5,60,10,0
3,4,75,5,60,10,0
3,4,75,5,60,10,0
3,5,75,5,60,10,0
3,5,75,5,60,10,0
3,6,75,5,60,10,0
3,6,75,5,60,10,0
3,26,75,5,60,10,0
3,26,75,5,60,10,0
3,27,75,5,60,10,0
3,27,75,5,60,10,0
3,28,75,5,60,10,0
3,28,75,5,60,10,0
3,29,75,5,60,10,0
3,29,75,5,60,10,0
3,30,75,5,60,10,0
3,30,75,5,60,10,0
3,31,75,5,60,10,0
3,31,75,5,60,10,0
3,32,75,5,60,10,0
3,32,75,5,60,10,0
3,12,75,5,70,0,0
3,26,75,5,60,10,0
3,8,75,5,70,0,0
3,27,75,5,60,10,0
3,14,75,5,70,0,0
3,18,75,5,70,0,0
3,6,75,5,60,10,0
3,5,75,5,60,10,0
3,3,75,5,60,10,0
3,2,75,5,60,10,0
3,1,75,5,60,10,0
3,26,75,5,60,10,0
3,0,75,5,60,10,0
3,26,75,5,60,10,0
3,4,75,5,60,10,0
3,17,75,5,70,0,0
3,30,75,5,60,10,0
3,21,75,5,70,0,0
3,23,76,5,71,0,0
3,2,76,5,61,10,0
3,11,76,5,71,0,0
3,1,76,5,61,10,0
3,21,76,5,71,0,0
3,19,76,5,71,0,0
3,29,76,5,61,10,0
3,4,76,5,61,10,0
3,5,76,5,61,10,0
3,13,76,5,71,0,0
3,0,76,5,61,10,0
3,29,76,5,61,10,0
3,16,76,5,71,0,0
3,14,76,5,71,0,0
3,18,76,5,71,0,0
3,3,76,5,61,10,0
3,22,76,5,71,0,0
3,10,76,5,71,0,0
3,9,76,5,71,0,0
3,7,76,5,71,0,0
3,6,76,5,61,10,0
3,15,76,5,71,0,0
3,11,77,5,72,0,0
3,23,77,5,72,0,0
3,29,77,5,62,10,0
3,30,77,5,62,10,0
3,24,77,5,72,0,0
3,25,77,5,72,0,0
3,22,77,5,72,0,0
3,13,77,5,72,0,0
3,27,77,5,62,10,0
3,30,77,5,62,10,0
3,26,77,5,62,10,0
3,12,77,5,72,0,0
3,10,77,5,72,0,0
3,9,77,5,72,0,0
3,26,77,5,62,10,0
3,7,77,5,72,0,0
3,8,77,5,72,0,0
3,19,78,5,73,0,0
3,28,78,5,63,10,0
3,25,78,5,73,0,0
3,15,78,5,73,0,0
3,16,78,5,73,0,0
3,12,79,5,74,0,0
3,20,79,5,74,0,0
3,28,79,5,64,10,0
3,8,79,5,74,0,0
3,26,79,5,64,10,0
3,26,79,5,64,10,0
3,0,80,5,65,10,0
3,0,80,5,65,10,0
3,1,80,5,65,10,0
3,1,80,5,65,10,0
3,2,80,5,65,10,0
3,2,80,5,65,10,0
3,3,80,5,65,10,0
3,3,80,5,65,10,0
3,4,80,5,65,10,0
3,4,80,5,65,10,0
3,5,80,5,65,10,0
3,5,80,5,65,10,0
3,6,80,5,65,10,0
3,6,80,5,65,10,0
3,26,80,5,65,10,0
3,26,80,5,65,10,0
3,27,80,5,65,10,0
3,27,80,5,65,10,0
3,28,80,5,65,10,0
3,28,80,5,65,10,0
3,29,80,5,65,10,0
3,29,80,5,65,10,0
3,30,80,5,65,10,0
3,30,80,5,65,10,0
3,31,80,5,65,10,0
3,31,80,5,65,10,0
3,32,80,5,65,10,0
3,32,80,5,65,10,0
3,20,80,5,75,0,0
3,26,80,5,65,10,0
3,16,80,5,75,0,0
3,14,80,5,75,0,0
3,29,80,5,65,10,0
3,6,80,5,65,10,0
3,5,80,5,65,10,0
3,30,80,5,65,10,0
3,27,80,5,65,10,0
3,4,80,5,65,10,0
3,3,80,5,65,10,0
3,1,80,5,65,10,0
3,2,80,5,65,10,0
3,18,80,5,75,0,0
3,29,80,5,65,10,0
3,0,80,5,65,10,0
3,17,80,5,75,0,0
3,21,80,5,75,0,0
3,5,81,5,66,10,0
3,22,81,5,76,0,0
3,6,81,5,66,10,0
3,1,81,5,66,10,0
3,10,81,5,76,0,0
3,23,81,5,76,0,0
3,7,81,5,76,0,0
3,13,81,5,76,0,0
3,9,81,5,76,0,0
3,3,81,5,66,10,0
3,0,81,5,66,10,0
3,11,81,5,76,0,0
3,4,81,5,66,10,0
3,2,81,5,66,10,0
3,17,82,5,77,0,0
3,21,82,5,77,0,0
3,18,82,5,77,0,0
3,19,82,5,77,0,0
3,29,82,5,67,10,0
3,28,82,5,67,10,0
3,23,83,5,78,0,0
3,30,83,5,68,10,0
3,11,83,5,78,0,0
3,13,83,5,78,0,0
3,22,83,5,78,0,0
3,30,83,5,68,10,0
3,12,83,5,78,0,0
3,27,83,5,68,10,0
3,10,83,5,78,0,0
3,26,83,5,68,10,0
3,9,83,5,78,0,0
3,26,83,5,68,10,0
3,7,83,5,78,0,0
3,8,83,5,78,0,0
3,19,84,5,79,0,0
3,28,84,5,69,10,0
3,20,84,5,79,0,0
3,28,84,5,69,10,0
3,0,85,5,70,10,0
3,0,85,5,70,10,0
3,1,85,5,70,10,0
3,1,85,5,70,10,0
3,2,85,5,70,10,0
3,2,85,5,70,10,0
3,3,85,5,70,10,0
3,3,85,5,70,10,0
3,4,85,5,70,10,0
3,4,85,5,70,10,0
3,5,85,5,70,10,0
3,5,85,5,70,10,0
3,6,85,5,70,10,0
3,6,85,5,70,10,0
3,26,85,5,70,10,0
3,26,85,5,70,10,0
3,27,85,5,70,10,0
3,27,85,5,70,10,0
3,28,85,5,70,10,0
3,28,85,5,70,10,0
3,29,85,5,70,10,0
3,29,85,5,70,10,0
3,30,85,5,70,10,0
3,30,85,5,70,10,0
3,31,85,5,70,10,0
3,31,85,5,70,10,0
3,32,85,5,70,10,0
3,32,85,5,70,10,0
3,26,85,5,70,10,0
3,12,85,5,80,0,0
3,30,85,5,70,10,0
3,14,85,5,80,0,0
3,8,85,5,80,0,0
3,0,85,5,70,10,0
3,6,85,5,70,10,0
3,26,85,5,70,10,0
3,5,85,5,70,10,0
3,24,85,5,80,0,0
3,17,85,5,80,0,0
3,26,85,5,70,10,0
3,4,85,5,70,10,0
3,3,85,5,70,10,0
3,2,85,5,70,10,0
3,1,85,5,70,10,0
3,29,85,5,70,10,0
3,21,85,5,80,0,0
3,18,85,5,80,0,0
3,25,85,5,80,0,0
3,27,85,5,70,10,0
3,5,86,5,71,10,0
3,4,86,5,71,10,0
3,23,86,5,81,0,0
3,21,86,5,81,0,0
3,13,86,5,81,0,0
3,11,86,5,81,0,0
3,6,86,5,71,10,0
3,29,86,5,71,10,0
3,20,86,5,81,0,0
3,1,86,5,71,10,0
3,10,86,5,81,0,0
3,2,86,5,71,10,0
3,9,86,5,81,0,0
3,22,86,5,81,0,0
3,17,86,5,81,0,0
3,0,86,5,71,10,0
3,28,86,5,71,10,0
3,3,86,5,71,10,0
3,7,86,5,81,0,0
3,29,86,5,71,10,0
3,19,86,5,81,0,0
3,18,86,5,81,0,0
3,24,87,5,82,0,0
3,23,87,5,82,0,0
3,30,87,5,72,10,0
3,13,87,5,82,0,0
3,22,87,5,82,0,0
3,11,87,5,82,0,0
3,30,87,5,72,10,0
3,27,87,5,72,10,0
3,7,87,5,82,0,0
3,26,87,5,72,10,0
3,9,87,5,82,0,0
3,26,87,5,72,10,0
3,10,87,5,82,0,0
3,8,87,5,82,0,0
3,12,87,5,82,0,0
3,19,88,5,83,0,0
3,28,88,5,73,10,0
3,12,89,5,84,0,0
3,28,89,5,74,10,0
3,20,89,5,84,0,0
3,26,89,5,74,10,0
3,26,89,5,74,10,0
3,8,89,5,84,0,0
3,0,90,5,75,10,0
3,0,90,5,75,10,0
3,1,90,5,75,10,0
3,1,90,5,75,10,0
3,2,90,5,75,10,0
3,2,90,5,75,10,0
3,3,90,5,75,10,0
3,3,90,5,75,10,0
3,4,90,5,75,10,0
3,4,90,5,75,10,0
3,5,90,5,75,10,0
3,5,90,5,75,10,0
3,6,90,5,75,10,0
3,6,90,5,75,10,0
3,26,90,5,75,10,0
3,26,90,5,75,10,0
3,27,90,5,75,10,0
3,27,90,5,75,10,0
3,28,90,5,75,10,0
3,28,90,5,75,10,0
3,29,90,5,75,10,0
3,29,90,5,75,10,0
3,30,90,5,75,10,0
3,30,90,5,75,10,0
3,31,90,5,75,10,0
3,31,90,5,75,10,0
3,32,90,5,75,10,0
3,32,90,5,75,10,0
3,20,90,5,85,0,0
3,6,90,5,75,10,0
3,29,90,5,75,10,0
3,4,90,5,75,10,0
3,3,90,5,75,10,0
3,5,90,5,75,10,0
3,18,90,5,85,0,0
3,26,90,5,75,10,0
3,30,90,5,75,10,0
3,0,90,5,75,10,0
3,21,90,5,85,0,0
3,27,90,5,75,10,0
3,2,90,5,75,10,0
3,1,90,5,75,10,0
3,17,90,5,85,0,0
3,14,90,5,85,0,0
3,21,92,5,87,0,0
3,29,92,5,75,12,0
3,14,92,5,87,0,0
3,18,92,5,87,0,0
3,19,92,5,87,0,0
3,15,92,5,87,0,0
3,19,94,5,89,0,0
3,28,94,5,75,14,0
3,15,94,5,89,0,0
3,16,94,5,89,0,0
3,0,95,5,75,15,0
3,0,95,5,75,15,0
3,1,95,5,75,15,0
3,1,95,5,75,15,0
3,2,95,5,75,15,0
3,2,95,5,75,15,0
3,3,95,5,75,15,0
3,3,95,5,75,15,0
3,4,95,5,75,15,0
3,4,95,5,75,15,0
3,5,95,5,75,15,0
3,5,95,5,75,15,0
3,6,95,5,75,15,0
3,6,95,5,75,15,0
3,26,95,5,75,15,0
3,26,95,5,75,15,0
3,27,95,5,75,15,0
3,27,95,5,75,15,0
3,28,95,5,75,15,0
3,28,95,5,75,15,0
3,29,95,5,75,15,0
3,29,95,5,75,15,0
3,30,95,5,75,15,0
3,30,95,5,75,15,0
3,31,95,5,75,15,0
3,31,95,5,75,15,0
3,32,95,5,75,15,0
3,32,95,5,75,15,0
3,4,96,5,76,15,0
3,23,96,5,91,0,0
3,13,96,5,91,0,0
3,0,96,5,76,15,0
3,22,96,5,91,0,0
3,1,96,5,76,15,0
3,16,96,5,91,0,0
3,10,96,5,91,0,0
3,7,96,5,91,0,0
3,6,96,5,76,15,0
3,11,96,5,91,0,0
3,5,96,5,76,15,0
3,3,96,5,76,15,0
3,9,96,5,91,0,0
3,2,96,5,76,15,0
3,29,96,5,76,15,0
3,11,97,5,92,0,0
3,23,97,5,92,0,0
3,30,97,5,77,15,0
3,22,97,5,92,0,0
3,13,97,5,92,0,0
3,27,97,5,77,15,0
3,30,97,5,77,15,0
3,26,97,5,77,15,0
3,10,97,5,92,0,0
3,12,97,5,92,0,0
3,9,97,5,92,0,0
3,26,97,5,77,15,0
3,7,97,5,92,0,0
3,8,97,5,92,0,0
3,12,99,5,94,0,0
3,26,99,5,79,15,0
3,8,99,5,94,0,0
3,26,99,5,79,15,0
3,0,100,5,80,15,0
3,0,100,5,80,15,0
3,1,100,5,80,15,0
3,1,100,5,80,15,0
3,2,100,5,80,15,0
3,2,100,5,80,15,0
3,3,100,5,80,15,0
3,3,100,5,80,15,0
3,4,100,5,80,15,0
3,4,100,5,80,15,0
3,5,100,5,80,15,0
3,5,100,5,80,15,0
3,6,100,5,80,15,0
3,6,100,5,80,15,0
3,26,100,5,80,15,0
3,26,100,5,80,15,0
3,27,100,5,80,15,0
3,27,100,5,80,15,0
3,28,100,5,80,15,0
3,28,100,5,80,15,0
3,29,100,5,80,15,0
3,29,100,5,80,15,0
3,30,100,5,80,15,0
3,30,100,5,80,15,0
3,31,100,5,80,15,0
3,31,100,5,80,15,0
3,32,100,5,80,15,0
3,32,100,5,80,15,0
3,27,100,5,80,15,0
3,18,100,5,95,0,0
3,29,100,5,80,15,0
3,14,100,5,95,0,0
3,30,100,5,80,15,0
3,21,100,5,95,0,0
3,6,100,5,80,15,0
3,5,100,5,80,15,0
3,17,100,5,95,0,0
3,26,100,5,80,15,0
3,3,100,5,80,15,0
3,2,100,5,80,15,0
3,1,100,5,80,15,0
3,24,100,5,95,0,0
3,4,100,5,80,15,0
3,0,100,5,80,15,0
3,25,100,5,95,0,0
3,0,100,5,80,15,0
3,1,100,5,80,15,0
3,2,100,5,80,15,0
3,3,100,5,80,15,0
3,4,100,5,80,15,0
3,5,100,5,80,15,0
3,6,100,5,80,15,0
3,7,100,5,95,0,0
3,8,100,5,95,0,0
3,9,100,5,95,0,0
3,10,100,5,95,0,0
3,11,100,5,95,0,0
3,12,100,5,95,0,0
3,13,100,5,95,0,0
3,14,100,5,95,0,0
3,15,100,5,95,0,0
3,16,100,5,95,0,0
3,17,100,5,95,0,0
3,18,100,5,95,0,0
3,19,100,5,95,0,0
3,20,100,5,95,0,0
3,21,100,5,95,0,0
3,22,100,5,95,0,0
3,23,100,5,95,0,0
3,24,100,5,95,0,0
3,25,100,5,95,0,0
3,26,100,5,80,15,0
3,27,100,5,80,15,0
3,28,100,5,80,15,0
3,29,100,5,80,15,0
3,30,100,5,80,15,0
3,31,100,5,80,15,0
3,32,100,5,80,15,0
