project_id,object_id,current_time,init_rate,active_rate,error_rate,pause_rate
3,0,5,100,0,0,0
3,0,5,100,0,0,0
3,1,5,100,0,0,0
3,1,5,100,0,0,0
3,2,5,100,0,0,0
3,2,5,100,0,0,0
3,3,5,100,0,0,0
3,3,5,100,0,0,0
3,4,5,100,0,0,0
3,4,5,100,0,0,0
3,5,5,100,0,0,0
3,5,5,100,0,0,0
3,6,5,100,0,0,0
3,6,5,100,0,0,0
3,7,5,100,0,0,0
3,7,5,100,0,0,0
3,8,5,100,0,0,0
3,8,5,100,0,0,0
3,9,5,100,0,0,0
3,9,5,100,0,0,0
3,10,5,100,0,0,0
3,10,5,100,0,0,0
3,11,5,100,0,0,0
3,11,5,100,0,0,0
3,12,5,100,0,0,0
3,12,5,100,0,0,0
3,13,5,100,0,0,0
3,13,5,100,0,0,0
3,14,5,100,0,0,0
3,14,5,100,0,0,0
3,15,5,100,0,0,0
3,15,5,100,0,0,0
3,16,5,100,0,0,0
3,16,5,100,0,0,0
3,17,5,100,0,0,0
3,17,5,100,0,0,0
3,18,5,100,0,0,0
3,18,5,100,0,0,0
3,19,5,100,0,0,0
3,19,5,100,0,0,0
3,20,5,100,0,0,0
3,20,5,100,0,0,0
3,21,5,100,0,0,0
3,21,5,100,0,0,0
3,22,5,100,0,0,0
3,22,5,100,0,0,0
3,23,5,100,0,0,0
3,23,5,100,0,0,0
3,24,5,100,0,0,0
3,24,5,100,0,0,0
3,25,5,100,0,0,0
3,25,5,100,0,0,0
3,26,5,100,0,0,0
3,26,5,100,0,0,0
3,27,5,100,0,0,0
3,27,5,100,0,0,0
3,28,5,100,0,0,0
3,28,5,100,0,0,0
3,29,5,100,0,0,0
3,29,5,100,0,0,0
3,30,5,100,0,0,0
3,30,5,100,0,0,0
3,31,5,100,0,0,0
3,31,5,100,0,0,0
3,32,5,100,0,0,0
3,32,5,100,0,0,0
3,0,10,50,50,0,0
3,0,10,50,50,0,0
3,1,10,50,50,0,0
3,1,10,50,50,0,0
3,2,10,50,50,0,0
3,2,10,50,50,0,0
3,3,10,50,50,0,0
3,3,10,50,50,0,0
3,4,10,50,50,0,0
3,4,10,50,50,0,0
3,5,10,50,50,0,0
3,5,10,50,50,0,0
3,6,10,50,50,0,0
3,6,10,50,50,0,0
3,26,10,50,50,0,0
3,26,10,50,50,0,0
3,27,10,50,50,0,0
3,27,10,50,50,0,0
3,28,10,50,50,0,0
3,28,10,50,50,0,0
3,29,10,50,50,0,0
3,29,10,50,50,0,0
3,30,10,50,50,0,0
3,30,10,50,50,0,0
3,31,10,50,50,0,0
3,31,10,50,50,0,0
3,32,10,50,50,0,0
3,32,10,50,50,0,0
3,0,10,50,50,0,0
3,5,10,50,50,0,0
3,6,10,50,50,0,0
3,4,10,50,50,0,0
3,3,10,50,50,0,0
3,2,10,50,50,0,0
3,1,10,50,50,0,0
3,1,11,45.4545,54.5455,0,0
3,11,11,45.4545,54.5455,0,0
3,2,11,45.4545,54.5455,0,0
3,0,11,45.4545,54.5455,0,0
3,10,11,45.4545,54.5455,0,0
3,3,11,45.4545,54.5455,0,0
3,9,11,45.4545,54.5455,0,0
3,6,11,45.4545,54.5455,0,0
3,23,11,45.4545,54.5455,0,0
3,7,11,45.4545,54.5455,0,0
3,22,11,45.4545,54.5455,0,0
3,5,11,45.4545,54.5455,0,0
3,4,11,45.4545,54.5455,0,0
3,13,11,45.4545,54.5455,0,0
3,10,13,38.4615,61.5385,0,0
3,12,13,38.4615,61.5385,0,0
3,9,13,38.4615,61.5385,0,0
3,26,13,38.4615,61.5385,0,0
3,23,13,38.4615,61.5385,0,0
3,11,13,38.4615,61.5385,0,0
3,26,13,38.4615,61.5385,0,0
3,22,13,38.4615,61.5385,0,0
3,7,13,38.4615,61.5385,0,0
3,30,13,38.4615,61.5385,0,0
3,8,13,38.4615,61.5385,0,0
3,13,13,38.4615,61.5385,0,0
3,30,13,38.4615,61.5385,0,0
3,27,13,38.4615,61.5385,0,0
3,0,15,33.3333,66.6667,0,0
3,0,15,33.3333,66.6667,0,0
3,1,15,33.3333,66.6667,0,0
3,1,15,33.3333,66.6667,0,0
3,2,15,33.3333,66.6667,0,0
3,2,15,33.3333,66.6667,0,0
3,3,15,33.3333,66.6667,0,0
3,3,15,33.3333,66.6667,0,0
3,4,15,33.3333,66.6667,0,0
3,4,15,33.3333,66.6667,0,0
3,5,15,33.3333,66.6667,0,0
3,5,15,33.3333,66.6667,0,0
3,6,15,33.3333,66.6667,0,0
3,6,15,33.3333,66.6667,0,0
3,26,15,33.3333,66.6667,0,0
3,26,15,33.3333,66.6667,0,0
3,27,15,33.3333,66.6667,0,0
3,27,15,33.3333,66.6667,0,0
3,28,15,33.3333,66.6667,0,0
3,28,15,33.3333,66.6667,0,0
3,29,15,33.3333,66.6667,0,0
3,29,15,33.3333,66.6667,0,0
3,30,15,33.3333,66.6667,0,0
3,30,15,33.3333,66.6667,0,0
3,31,15,33.3333,66.6667,0,0
3,31,15,33.3333,66.6667,0,0
3,32,15,33.3333,66.6667,0,0
3,32,15,33.3333,66.6667,0,0
3,2,15,33.3333,66.6667,0,0
3,0,15,33.3333,66.6667,0,0
3,1,15,33.3333,66.6667,0,0
3,3,15,33.3333,66.6667,0,0
3,26,15,33.3333,66.6667,0,0
3,12,15,33.3333,66.6667,0,0
3,8,15,33.3333,66.6667,0,0
3,26,15,33.3333,66.6667,0,0
3,6,15,33.3333,66.6667,0,0
3,5,15,33.3333,66.6667,0,0
3,4,15,33.3333,66.6667,0,0
3,5,16,31.25,68.75,0,0
3,22,16,31.25,68.75,0,0
3,6,16,31.25,68.75,0,0
3,2,16,31.25,68.75,0,0
3,23,16,31.25,68.75,0,0
3,4,16,31.25,68.75,0,0
3,3,16,31.25,68.75,0,0
3,11,16,31.25,68.75,0,0
3,13,16,31.25,68.75,0,0
3,1,16,31.25,68.75,0,0
3,10,16,31.25,68.75,0,0
3,9,16,31.25,68.75,0,0
3,0,16,31.25,68.75,0,0
3,7,16,31.25,68.75,0,0
3,7,17,29.4118,70.5882,0,0
3,26,17,29.4118,70.5882,0,0
3,8,17,29.4118,70.5882,0,0
3,23,17,29.4118,70.5882,0,0
3,9,17,29.4118,70.5882,0,0
3,22,17,29.4118,70.5882,0,0
3,13,17,29.4118,70.5882,0,0
3,30,17,29.4118,70.5882,0,0
3,27,17,29.4118,70.5882,0,0
3,30,17,29.4118,70.5882,0,0
3,11,17,29.4118,70.5882,0,0
3,10,17,29.4118,70.5882,0,0
3,12,17,29.4118,70.5882,0,0
3,26,17,29.4118,70.5882,0,0
3,27,18,27.7778,72.2222,0,0
3,30,18,27.7778,72.2222,0,0
3,21,18,27.7778,72.2222,0,0
3,18,18,27.7778,72.2222,0,0
3,12,19,26.3158,73.6842,0,0
3,26,19,26.3158,73.6842,0,0
3,26,19,26.3158,73.6842,0,0
3,8,19,26.3158,73.6842,0,0
3,0,20,25,75,0,0
3,0,20,25,75,0,0
3,1,20,25,75,0,0
3,1,20,25,75,0,0
3,2,20,25,75,0,0
3,2,20,25,75,0,0
3,3,20,25,75,0,0
3,3,20,25,75,0,0
3,4,20,25,75,0,0
3,4,20,25,75,0,0
3,5,20,25,75,0,0
3,5,20,25,75,0,0
3,6,20,25,75,0,0
3,6,20,25,75,0,0
3,26,20,25,75,0,0
3,26,20,25,75,0,0
3,27,20,25,75,0,0
3,27,20,25,75,0,0
3,28,20,25,75,0,0
3,28,20,25,75,0,0
3,29,20,25,75,0,0
3,29,20,25,75,0,0
3,30,20,25,75,0,0
3,30,20,25,75,0,0
3,31,20,25,75,0,0
3,31,20,25,75,0,0
3,32,20,25,75,0,0
3,32,20,25,75,0,0
3,2,20,25,75,0,0
3,26,20,25,75,0,0
3,1,20,25,75,0,0
3,0,20,25,75,0,0
3,21,20,25,75,0,0
3,14,20,25,75,0,0
3,17,20,25,75,0,0
3,18,20,25,75,0,0
3,19,20,25,75,0,0
3,29,20,25,75,0,0
3,6,20,25,75,0,0
3,5,20,25,75,0,0
3,4,20,25,75,0,0
3,3,20,25,75,0,0
3,6,21,23.8095,76.1905,0,0
3,23,21,23.8095,76.1905,0,0
3,5,21,23.8095,76.1905,0,0
3,4,21,23.8095,76.1905,0,0
3,22,21,23.8095,76.1905,0,0
3,13,21,23.8095,76.1905,0,0
3,3,21,23.8095,76.1905,0,0
3,10,21,23.8095,76.1905,0,0
3,11,21,23.8095,76.1905,0,0
3,2,21,23.8095,76.1905,0,0
3,1,21,23.8095,76.1905,0,0
3,0,21,23.8095,76.1905,0,0
3,7,21,23.8095,76.1905,0,0
3,9,21,23.8095,76.1905,0,0
3,19,22,22.7273,77.2727,0,0
3,14,22,22.7273,77.2727,0,0
3,28,22,22.7273,77.2727,0,0
3,15,22,22.7273,77.2727,0,0
3,7,23,21.7391,78.2609,0,0
3,8,23,21.7391,78.2609,0,0
3,26,23,21.7391,78.2609,0,0
3,23,23,21.7391,78.2609,0,0
3,9,23,21.7391,78.2609,0,0
3,22,23,21.7391,78.2609,0,0
3,30,23,21.7391,78.2609,0,0
3,30,23,21.7391,78.2609,0,0
3,27,23,21.7391,78.2609,0,0
3,13,23,21.7391,78.2609,0,0
3,11,23,21.7391,78.2609,0,0
3,10,23,21.7391,78.2609,0,0
3,12,23,21.7391,78.2609,0,0
3,26,23,21.7391,78.2609,0,0
3,15,24,20.8333,79.1667,0,0
3,16,24,20.8333,79.1667,0,0
3,0,25,20,80,0,0
3,0,25,20,80,0,0
3,1,25,20,80,0,0
3,1,25,20,80,0,0
3,2,25,20,80,0,0
3,2,25,20,80,0,0
3,3,25,20,80,0,0
3,3,25,20,80,0,0
3,4,25,20,80,0,0
3,4,25,20,80,0,0
3,5,25,20,80,0,0
3,5,25,20,80,0,0
3,6,25,20,80,0,0
3,6,25,20,80,0,0
3,26,25,20,80,0,0
3,26,25,20,80,0,0
3,27,25,20,80,0,0
3,27,25,20,80,0,0
3,28,25,20,80,0,0
3,28,25,20,80,0,0
3,29,25,20,80,0,0
3,29,25,20,80,0,0
3,30,25,20,80,0,0
3,30,25,20,80,0,0
3,31,25,20,80,0,0
3,31,25,20,80,0,0
3,32,25,20,80,0,0
3,32,25,20,80,0,0
3,12,25,20,80,0,0
3,26,25,20,80,0,0
3,26,25,20,80,0,0
3,8,25,20,80,0,0
3,6,25,20,80,0,0
3,4,25,20,80,0,0
3,5,25,20,80,0,0
3,3,25,20,80,0,0
3,2,25,20,80,0,0
3,1,25,20,80,0,0
3,0,25,20,80,0,0
3,16,26,19.2308,80.7692,0,0
3,6,26,19.2308,80.7692,0,0
3,5,26,19.2308,80.7692,0,0
3,22,26,19.2308,80.7692,0,0
3,4,26,19.2308,80.7692,0,0
3,11,26,19.2308,80.7692,0,0
3,13,26,19.2308,80.7692,0,0
3,3,26,19.2308,80.7692,0,0
3,23,26,19.2308,80.7692,0,0
3,2,26,19.2308,80.7692,0,0
3,0,26,19.2308,80.7692,0,0
3,10,26,19.2308,80.7692,0,0
3,1,26,19.2308,80.7692,0,0
3,9,26,19.2308,80.7692,0,0
3,7,26,19.2308,80.7692,0,0
3,29,26,19.2308,80.7692,0,0
3,22,27,18.5185,81.4815,0,0
3,23,27,18.5185,81.4815,0,0
3,30,27,18.5185,81.4815,0,0
3,27,27,18.5185,81.4815,0,0
3,13,27,18.5185,81.4815,0,0
3,30,27,18.5185,81.4815,0,0
3,11,27,18.5185,81.4815,0,0
3,12,27,18.5185,81.4815,0,0
3,9,27,18.5185,81.4815,0,0
3,10,27,18.5185,81.4815,0,0
3,26,27,18.5185,81.4815,0,0
3,7,27,18.5185,81.4815,0,0
3,8,27,18.5185,81.4815,0,0
3,26,27,18.5185,81.4815,0,0
3,14,28,17.8571,82.1429,0,0
3,21,28,17.8571,82.1429,0,0
3,30,28,17.8571,82.1429,0,0
3,27,28,17.8571,82.1429,0,0
3,17,28,17.8571,82.1429,0,0
3,18,28,17.8571,82.1429,0,0
3,26,28,17.8571,82.1429,0,0
3,8,29,17.2414,82.7586,0,0
3,12,29,17.2414,82.7586,0,0
3,26,29,17.2414,82.7586,0,0
3,26,29,17.2414,82.7586,0,0
3,0,30,16.6667,83.3333,0,0
3,0,30,16.6667,83.3333,0,0
3,1,30,16.6667,83.3333,0,0
3,1,30,16.6667,83.3333,0,0
3,2,30,16.6667,83.3333,0,0
3,2,30,16.6667,83.3333,0,0
3,3,30,16.6667,83.3333,0,0
3,3,30,16.6667,83.3333,0,0
3,4,30,16.6667,83.3333,0,0
3,4,30,16.6667,83.3333,0,0
3,5,30,16.6667,83.3333,0,0
3,5,30,16.6667,83.3333,0,0
3,6,30,16.6667,83.3333,0,0
3,6,30,16.6667,83.3333,0,0
3,26,30,16.6667,83.3333,0,0
3,26,30,16.6667,83.3333,0,0
3,27,30,16.6667,83.3333,0,0
3,27,30,16.6667,83.3333,0,0
3,28,30,16.6667,83.3333,0,0
3,28,30,16.6667,83.3333,0,0
3,29,30,16.6667,83.3333,0,0
3,29,30,16.6667,83.3333,0,0
3,30,30,16.6667,83.3333,0,0
3,30,30,16.6667,83.3333,0,0
3,31,30,16.6667,83.3333,0,0
3,31,30,16.6667,83.3333,0,0
3,32,30,16.6667,83.3333,0,0
3,32,30,16.6667,83.3333,0,0
3,18,30,16.6667,83.3333,0,0
3,19,30,16.6667,83.3333,0,0
3,17,30,16.6667,83.3333,0,0
3,6,30,16.6667,83.3333,0,0
3,28,30,16.6667,83.3333,0,0
3,5,30,16.6667,83.3333,0,0
3,3,30,16.6667,83.3333,0,0
3,2,30,16.6667,83.3333,0,0
3,21,30,16.6667,83.3333,0,0
3,1,30,16.6667,83.3333,0,0
3,4,30,16.6667,83.3333,0,0
3,0,30,16.6667,83.3333,0,0
3,29,30,16.6667,83.3333,0,0
3,19,32,15.625,84.375,0,0
3,28,32,15.625,78.125,6.25,0
3,0,35,14.2857,71.4286,14.2857,0
3,0,35,14.2857,71.4286,14.2857,0
3,1,35,14.2857,71.4286,14.2857,0
3,1,35,14.2857,71.4286,14.2857,0
3,2,35,14.2857,71.4286,14.2857,0
3,2,35,14.2857,71.4286,14.2857,0
3,3,35,14.2857,71.4286,14.2857,0
3,3,35,14.2857,71.4286,14.2857,0
3,4,35,14.2857,71.4286,14.2857,0
3,4,35,14.2857,71.4286,14.2857,0
3,5,35,14.2857,71.4286,14.2857,0
3,5,35,14.2857,71.4286,14.2857,0
3,6,35,14.2857,71.4286,14.2857,0
3,6,35,14.2857,71.4286,14.2857,0
3,26,35,14.2857,71.4286,14.2857,0
3,26,35,14.2857,71.4286,14.2857,0
3,27,35,14.2857,71.4286,14.2857,0
3,27,35,14.2857,71.4286,14.2857,0
3,28,35,14.2857,71.4286,14.2857,0
3,28,35,14.2857,71.4286,14.2857,0
3,29,35,14.2857,71.4286,14.2857,0
3,29,35,14.2857,71.4286,14.2857,0
3,30,35,14.2857,71.4286,14.2857,0
3,30,35,14.2857,71.4286,14.2857,0
3,31,35,14.2857,71.4286,14.2857,0
3,31,35,14.2857,71.4286,14.2857,0
3,32,35,14.2857,71.4286,14.2857,0
3,32,35,14.2857,71.4286,14.2857,0
3,5,36,13.8889,72.2222,13.8889,0
3,6,36,13.8889,72.2222,13.8889,0
3,2,36,13.8889,72.2222,13.8889,0
3,23,36,13.8889,86.1111,0,0
3,4,36,13.8889,72.2222,13.8889,0
3,13,36,13.8889,86.1111,0,0
3,11,36,13.8889,86.1111,0,0
3,3,36,13.8889,72.2222,13.8889,0
3,9,36,13.8889,86.1111,0,0
3,10,36,13.8889,86.1111,0,0
3,1,36,13.8889,72.2222,13.8889,0
3,0,36,13.8889,72.2222,13.8889,0
3,22,36,13.8889,86.1111,0,0
3,7,36,13.8889,86.1111,0,0
3,22,37,13.5135,86.4865,0,0
3,30,37,13.5135,72.973,13.5135,0
3,30,37,13.5135,72.973,13.5135,0
3,23,37,13.5135,86.4865,0,0
3,11,37,13.5135,86.4865,0,0
3,26,37,13.5135,72.973,13.5135,0
3,13,37,13.5135,86.4865,0,0
3,27,37,13.5135,72.973,13.5135,0
3,10,37,13.5135,86.4865,0,0
3,9,37,13.5135,86.4865,0,0
3,12,37,13.5135,86.4865,0,0
3,7,37,13.5135,86.4865,0,0
3,8,37,13.5135,86.4865,0,0
3,26,37,13.5135,72.973,13.5135,0
3,26,39,12.8205,74.359,12.8205,0
3,26,39,12.8205,74.359,12.8205,0
3,12,39,12.8205,87.1795,0,0
3,8,39,12.8205,87.1795,0,0
3,0,40,12.5,75,12.5,0
3,0,40,12.5,75,12.5,0
3,1,40,12.5,75,12.5,0
3,1,40,12.5,75,12.5,0
3,2,40,12.5,75,12.5,0
3,2,40,12.5,75,12.5,0
3,3,40,12.5,75,12.5,0
3,3,40,12.5,75,12.5,0
3,4,40,12.5,75,12.5,0
3,4,40,12.5,75,12.5,0
3,5,40,12.5,75,12.5,0
3,5,40,12.5,75,12.5,0
3,6,40,12.5,75,12.5,0
3,6,40,12.5,75,12.5,0
3,26,40,12.5,75,12.5,0
3,26,40,12.5,75,12.5,0
3,27,40,12.5,75,12.5,0
3,27,40,12.5,75,12.5,0
3,28,40,12.5,75,12.5,0
3,28,40,12.5,75,12.5,0
3,29,40,12.5,75,12.5,0
3,29,40,12.5,75,12.5,0
3,30,40,12.5,75,12.5,0
3,30,40,12.5,75,12.5,0
3,31,40,12.5,75,12.5,0
3,31,40,12.5,75,12.5,0
3,32,40,12.5,75,12.5,0
3,32,40,12.5,75,12.5,0
3,30,40,12.5,75,12.5,0
3,27,40,12.5,75,12.5,0
3,28,40,12.5,75,12.5,0
3,20,40,12.5,87.5,0,0
3,14,40,12.5,87.5,0,0
3,18,40,12.5,87.5,0,0
3,17,40,12.5,87.5,0,0
3,26,40,12.5,75,12.5,0
3,6,40,12.5,75,12.5,0
3,4,40,12.5,75,12.5,0
3,3,40,12.5,75,12.5,0
3,2,40,12.5,75,12.5,0
3,1,40,12.5,75,12.5,0
3,5,40,12.5,75,12.5,0
3,21,40,12.5,87.5,0,0
3,0,40,12.5,75,12.5,0
3,6,41,12.1951,75.6098,12.1951,0
3,5,41,12.1951,75.6098,12.1951,0
3,4,41,12.1951,75.6098,12.1951,0
3,23,41,12.1951,87.8049,0,0
3,3,41,12.1951,75.6098,12.1951,0
3,13,41,12.1951,87.8049,0,0
3,11,41,12.1951,87.8049,0,0
3,2,41,12.1951,75.6098,12.1951,0
3,1,41,12.1951,75.6098,12.1951,0
3,10,41,12.1951,87.8049,0,0
3,0,41,12.1951,75.6098,12.1951,0
3,9,41,12.1951,87.8049,0,0
3,22,41,12.1951,87.8049,0,0
3,7,41,12.1951,87.8049,0,0
3,28,42,11.9048,76.1905,11.9048,0
3,29,42,11.9048,76.1905,11.9048,0
3,20,42,11.9048,88.0952,0,0
3,21,42,11.9048,88.0952,0,0
3,18,42,11.9048,88.0952,0,0
3,29,42,11.9048,76.1905,11.9048,0
3,17,42,11.9048,88.0952,0,0
3,19,42,11.9048,88.0952,0,0
3,13,43,11.6279,88.3721,0,0
3,27,43,11.6279,76.7442,11.6279,0
3,22,43,11.6279,88.3721,0,0
3,23,43,11.6279,88.3721,0,0
3,30,43,11.6279,76.7442,11.6279,0
3,30,43,11.6279,76.7442,11.6279,0
3,11,43,11.6279,88.3721,0,0
3,12,43,11.6279,88.3721,0,0
3,9,43,11.6279,88.3721,0,0
3,10,43,11.6279,88.3721,0,0
3,26,43,11.6279,76.7442,11.6279,0
3,7,43,11.6279,88.3721,0,0
3,8,43,11.6279,88.3721,0,0
3,26,43,11.6279,76.7442,11.6279,0
3,19,44,11.3636,88.6364,0,0
3,28,44,11.3636,77.2727,11.3636,0
3,0,45,11.1111,77.7778,11.1111,0
3,0,45,11.1111,77.7778,11.1111,0
3,1,45,11.1111,77.7778,11.1111,0
3,1,45,11.1111,77.7778,11.1111,0
3,2,45,11.1111,77.7778,11.1111,0
3,2,45,11.1111,77.7778,11.1111,0
3,3,45,11.1111,77.7778,11.1111,0
3,3,45,11.1111,77.7778,11.1111,0
3,4,45,11.1111,77.7778,11.1111,0
3,4,45,11.1111,77.7778,11.1111,0
3,5,45,11.1111,77.7778,11.1111,0
3,5,45,11.1111,77.7778,11.1111,0
3,6,45,11.1111,77.7778,11.1111,0
3,6,45,11.1111,77.7778,11.1111,0
3,26,45,11.1111,77.7778,11.1111,0
3,26,45,11.1111,77.7778,11.1111,0
3,27,45,11.1111,77.7778,11.1111,0
3,27,45,11.1111,77.7778,11.1111,0
3,28,45,11.1111,77.7778,11.1111,0
3,28,45,11.1111,77.7778,11.1111,0
3,29,45,11.1111,77.7778,11.1111,0
3,29,45,11.1111,77.7778,11.1111,0
3,30,45,11.1111,77.7778,11.1111,0
3,30,45,11.1111,77.7778,11.1111,0
3,31,45,11.1111,77.7778,11.1111,0
3,31,45,11.1111,77.7778,11.1111,0
3,32,45,11.1111,77.7778,11.1111,0
3,32,45,11.1111,77.7778,11.1111,0
3,26,45,11.1111,77.7778,11.1111,0
3,30,45,11.1111,77.7778,11.1111,0
3,18,45,11.1111,88.8889,0,0
3,14,45,11.1111,88.8889,0,0
3,26,45,11.1111,77.7778,11.1111,0
3,1,45,11.1111,77.7778,11.1111,0
3,6,45,11.1111,77.7778,11.1111,0
3,26,45,11.1111,77.7778,11.1111,0
3,8,45,11.1111,88.8889,0,0
3,5,45,11.1111,77.7778,11.1111,0
3,3,45,11.1111,77.7778,11.1111,0
3,2,45,11.1111,77.7778,11.1111,0
3,12,45,11.1111,88.8889,0,0
3,0,45,11.1111,77.7778,11.1111,0
3,27,45,11.1111,77.7778,11.1111,0
3,4,45,11.1111,77.7778,11.1111,0
3,21,45,11.1111,88.8889,0,0
3,17,45,11.1111,88.8889,0,0
3,4,46,10.8696,78.2609,10.8696,0
3,22,46,10.8696,89.1304,0,0
3,21,46,10.8696,89.1304,0,0
3,3,46,10.8696,78.2609,10.8696,0
3,1,46,10.8696,78.2609,10.8696,0
3,13,46,10.8696,89.1304,0,0
3,29,46,10.8696,78.2609,10.8696,0
3,11,46,10.8696,89.1304,0,0
3,6,46,10.8696,78.2609,10.8696,0
3,2,46,10.8696,78.2609,10.8696,0
3,19,46,10.8696,89.1304,0,0
3,10,46,10.8696,89.1304,0,0
3,0,46,10.8696,78.2609,10.8696,0
3,9,46,10.8696,89.1304,0,0
3,7,46,10.8696,89.1304,0,0
3,23,46,10.8696,89.1304,0,0
3,14,46,10.8696,89.1304,0,0
3,18,46,10.8696,89.1304,0,0
3,5,46,10.8696,78.2609,10.8696,0
3,15,46,10.8696,89.1304,0,0
3,28,47,10.6383,78.7234,10.6383,0
3,24,47,10.6383,89.3617,0,0
3,22,47,10.6383,89.3617,0,0
3,7,47,10.6383,89.3617,0,0
3,30,47,10.6383,78.7234,10.6383,0
3,13,47,10.6383,89.3617,0,0
3,30,47,10.6383,78.7234,10.6383,0
3,11,47,10.6383,89.3617,0,0
3,12,47,10.6383,89.3617,0,0
3,10,47,10.6383,89.3617,0,0
3,26,47,10.6383,78.7234,10.6383,0
3,20,47,10.6383,89.3617,0,0
3,26,47,10.6383,78.7234,10.6383,0
3,25,47,10.6383,89.3617,0,0
3,27,47,10.6383,78.7234,10.6383,0
3,29,47,10.6383,78.7234,10.6383,0
3,9,47,10.6383,89.3617,0,0
3,8,47,10.6383,89.3617,0,0
3,23,47,10.6383,89.3617,0,0
3,19,48,10.4167,89.5833,0,0
3,16,48,10.4167,89.5833,0,0
3,20,48,10.4167,89.5833,0,0
3,15,48,10.4167,89.5833,0,0
3,29,48,10.4167,79.1667,10.4167,0
3,28,48,10.4167,79.1667,10.4167,0
3,12,49,10.2041,89.7959,0,0
3,24,49,10.2041,89.7959,0,0
3,26,49,10.2041,79.5918,10.2041,0
3,26,49,10.2041,79.5918,10.2041,0
3,8,49,10.2041,89.7959,0,0
3,0,50,10,80,10,0
3,0,50,10,80,10,0
3,1,50,10,80,10,0
3,1,50,10,80,10,0
3,2,50,10,80,10,0
3,2,50,10,80,10,0
3,3,50,10,80,10,0
3,3,50,10,80,10,0
3,4,50,10,80,10,0
3,4,50,10,80,10,0
3,5,50,10,80,10,0
3,5,50,10,80,10,0
3,6,50,10,80,10,0
3,6,50,10,80,10,0
3,26,50,10,80,10,0
3,26,50,10,80,10,0
3,27,50,10,80,10,0
3,27,50,10,80,10,0
3,28,50,10,80,10,0
3,28,50,10,80,10,0
3,29,50,10,80,10,0
3,29,50,10,80,10,0
3,30,50,10,80,10,0
3,30,50,10,80,10,0
3,31,50,10,80,10,0
3,31,50,10,80,10,0
3,32,50,10,80,10,0
3,32,50,10,80,10,0
3,26,50,10,80,10,0
3,16,50,10,90,0,0
3,14,50,10,90,0,0
3,17,50,10,90,0,0
3,18,50,10,90,0,0
3,29,50,10,80,10,0
3,6,50,10,80,10,0
3,5,50,10,80,10,0
3,4,50,10,80,10,0
3,3,50,10,80,10,0
3,2,50,10,80,10,0
3,1,50,10,80,10,0
3,0,50,10,80,10,0
3,27,50,10,80,10,0
3,30,50,10,80,10,0
3,21,50,10,90,0,0
3,5,51,9.80392,80.3922,9.80392,0
3,4,51,9.80392,80.3922,9.80392,0
3,23,51,9.80392,90.1961,0,0
3,3,51,9.80392,80.3922,9.80392,0
3,22,51,9.80392,90.1961,0,0
3,11,51,9.80392,90.1961,0,0
3,1,51,9.80392,80.3922,9.80392,0
3,2,51,9.80392,80.3922,9.80392,0
3,10,51,9.80392,90.1961,0,0
3,9,51,9.80392,90.1961,0,0
3,7,51,9.80392,90.1961,0,0
3,0,51,9.80392,80.3922,9.80392,0
3,13,51,9.80392,90.1961,0,0
3,6,51,9.80392,80.3922,9.80392,0
3,29,52,9.61538,80.7692,9.61538,0
3,19,52,9.61538,90.3846,0,0
3,18,52,9.61538,90.3846,0,0
3,21,52,9.61538,90.3846,0,0
3,24,52,9.61538,90.3846,0,0
3,25,52,9.61538,90.3846,0,0
3,29,52,9.61538,80.7692,9.61538,0
3,14,52,9.61538,90.3846,0,0
3,15,52,9.61538,90.3846,0,0
3,11,53,9.43396,90.566,0,0
3,23,53,9.43396,90.566,0,0
3,30,53,9.43396,81.1321,9.43396,0
3,22,53,9.43396,90.566,0,0
3,30,53,9.43396,81.1321,9.43396,0
3,13,53,9.43396,90.566,0,0
3,27,53,9.43396,81.1321,9.43396,0
3,26,53,9.43396,81.1321,9.43396,0
3,10,53,9.43396,90.566,0,0
3,12,53,9.43396,90.566,0,0
3,9,53,9.43396,90.566,0,0
3,7,53,9.43396,90.566,0,0
3,8,53,9.43396,90.566,0,0
3,26,53,9.43396,81.1321,9.43396,0
3,28,54,9.25926,81.4815,9.25926,0
3,25,54,9.25926,90.7407,0,0
3,19,54,9.25926,90.7407,0,0
3,15,54,9.25926,90.7407,0,0
3,16,54,9.25926,90.7407,0,0
3,0,55,9.09091,81.8182,9.09091,0
3,0,55,9.09091,81.8182,9.09091,0
3,1,55,9.09091,81.8182,9.09091,0
3,1,55,9.09091,81.8182,9.09091,0
3,2,55,9.09091,81.8182,9.09091,0
3,2,55,9.09091,81.8182,9.09091,0
3,3,55,9.09091,81.8182,9.09091,0
3,3,55,9.09091,81.8182,9.09091,0
3,4,55,9.09091,81.8182,9.09091,0
3,4,55,9.09091,81.8182,9.09091,0
3,5,55,9.09091,81.8182,9.09091,0
3,5,55,9.09091,81.8182,9.09091,0
3,6,55,9.09091,81.8182,9.09091,0
3,6,55,9.09091,81.8182,9.09091,0
3,26,55,9.09091,81.8182,9.09091,0
3,26,55,9.09091,81.8182,9.09091,0
3,27,55,9.09091,81.8182,9.09091,0
3,27,55,9.09091,81.8182,9.09091,0
3,28,55,9.09091,81.8182,9.09091,0
3,28,55,9.09091,81.8182,9.09091,0
3,29,55,9.09091,81.8182,9.09091,0
3,29,55,9.09091,81.8182,9.09091,0
3,30,55,9.09091,81.8182,9.09091,0
3,30,55,9.09091,81.8182,9.09091,0
3,31,55,9.09091,81.8182,9.09091,0
3,31,55,9.09091,81.8182,9.09091,0
3,32,55,9.09091,81.8182,9.09091,0
3,32,55,9.09091,81.8182,9.09091,0
3,17,55,9.09091,90.9091,0,0
3,14,55,9.09091,90.9091,0,0
3,26,55,9.09091,81.8182,9.09091,0
3,8,55,9.09091,90.9091,0,0
3,5,55,9.09091,81.8182,9.09091,0
3,26,55,9.09091,81.8182,9.09091,0
3,30,55,9.09091,81.8182,9.09091,0
3,3,55,9.09091,81.8182,9.09091,0
3,0,55,9.09091,81.8182,9.09091,0
3,2,55,9.09091,81.8182,9.09091,0
3,1,55,9.09091,81.8182,9.09091,0
3,12,55,9.09091,90.9091,0,0
3,26,55,9.09091,81.8182,9.09091,0
3,18,55,9.09091,90.9091,0,0
3,6,55,9.09091,81.8182,9.09091,0
3,21,55,9.09091,90.9091,0,0
3,27,55,9.09091,81.8182,9.09091,0
3,4,55,9.09091,81.8182,9.09091,0
3,5,56,8.92857,82.1429,8.92857,0
3,21,56,8.92857,91.0714,0,0
3,22,56,8.92857,91.0714,0,0
3,10,56,8.92857,91.0714,0,0
3,11,56,8.92857,91.0714,0,0
3,1,56,8.92857,82.1429,8.92857,0
3,17,56,8.92857,91.0714,0,0
3,2,56,8.92857,82.1429,8.92857,0
3,0,56,8.92857,82.1429,8.92857,0
3,9,56,8.92857,91.0714,0,0
3,6,56,8.92857,82.1429,8.92857,0
3,29,56,8.92857,82.1429,8.92857,0
3,13,56,8.92857,91.0714,0,0
3,3,56,8.92857,82.1429,8.92857,0
3,29,56,8.92857,82.1429,8.92857,0
3,7,56,8.92857,91.0714,0,0
3,19,56,8.92857,91.0714,0,0
3,4,56,8.92857,82.1429,8.92857,0
3,18,56,8.92857,91.0714,0,0
3,28,56,8.92857,82.1429,8.92857,0
3,23,56,8.92857,91.0714,0,0
3,16,56,8.92857,91.0714,0,0
3,22,57,8.77193,91.2281,0,0
3,23,57,8.77193,91.2281,0,0
3,30,57,8.77193,82.4561,8.77193,0
3,27,57,8.77193,82.4561,8.77193,0
3,30,57,8.77193,82.4561,8.77193,0
3,13,57,8.77193,91.2281,0,0
3,11,57,8.77193,91.2281,0,0
3,8,57,8.77193,91.2281,0,0
3,12,57,8.77193,91.2281,0,0
3,9,57,8.77193,91.2281,0,0
3,10,57,8.77193,91.2281,0,0
3,26,57,8.77193,82.4561,8.77193,0
3,7,57,8.77193,91.2281,0,0
3,26,57,8.77193,82.4561,8.77193,0
3,19,58,8.62069,91.3793,0,0
3,28,58,8.62069,82.7586,8.62069,0
3,12,59,8.47458,91.5254,0,0
3,26,59,8.47458,83.0508,8.47458,0
3,26,59,8.47458,83.0508,8.47458,0
3,8,59,8.47458,91.5254,0,0
3,0,60,8.33333,83.3333,8.33333,0
3,0,60,8.33333,83.3333,8.33333,0
3,1,60,8.33333,83.3333,8.33333,0
3,1,60,8.33333,83.3333,8.33333,0
3,2,60,8.33333,83.3333,8.33333,0
3,2,60,8.33333,83.3333,8.33333,0
3,3,60,8.33333,83.3333,8.33333,0
3,3,60,8.33333,83.3333,8.33333,0
3,4,60,8.33333,83.3333,8.33333,0
3,4,60,8.33333,83.3333,8.33333,0
3,5,60,8.33333,83.3333,8.33333,0
3,5,60,8.33333,83.3333,8.33333,0
3,6,60,8.33333,83.3333,8.33333,0
3,6,60,8.33333,83.3333,8.33333,0
3,26,60,8.33333,83.3333,8.33333,0
3,26,60,8.33333,83.3333,8.33333,0
3,27,60,8.33333,83.3333,8.33333,0
3,27,60,8.33333,83.3333,8.33333,0
3,28,60,8.33333,83.3333,8.33333,0
3,28,60,8.33333,83.3333,8.33333,0
3,29,60,8.33333,83.3333,8.33333,0
3,29,60,8.33333,83.3333,8.33333,0
3,30,60,8.33333,83.3333,8.33333,0
3,30,60,8.33333,83.3333,8.33333,0
3,31,60,8.33333,83.3333,8.33333,0
3,31,60,8.33333,83.3333,8.33333,0
3,32,60,8.33333,83.3333,8.33333,0
3,32,60,8.33333,83.3333,8.33333,0
3,14,60,8.33333,91.6667,0,0
3,5,60,8.33333,83.3333,8.33333,0
3,6,60,8.33333,83.3333,8.33333,0
3,0,60,8.33333,83.3333,8.33333,0
3,3,60,8.33333,83.3333,8.33333,0
3,21,60,8.33333,91.6667,0,0
3,26,60,8.33333,83.3333,8.33333,0
3,18,60,8.33333,91.6667,0,0
3,2,60,8.33333,83.3333,8.33333,0
3,17,60,8.33333,91.6667,0,0
3,4,60,8.33333,83.3333,8.33333,0
3,30,60,8.33333,83.3333,8.33333,0
3,1,60,8.33333,83.3333,8.33333,0
3,27,60,8.33333,83.3333,8.33333,0
3,17,62,8.06452,91.9355,0,0
3,21,62,8.06452,91.9355,0,0
3,29,62,8.06452,80.6452,11.2903,0
3,19,62,8.06452,91.9355,0,0
3,18,62,8.06452,91.9355,0,0
3,28,62,8.06452,80.6452,11.2903,0
3,19,64,7.8125,92.1875,0,0
3,28,64,7.8125,78.125,14.0625,0
3,0,65,7.69231,76.9231,15.3846,0
3,0,65,7.69231,76.9231,15.3846,0
3,1,65,7.69231,76.9231,15.3846,0
3,1,65,7.69231,76.9231,15.3846,0
3,2,65,7.69231,76.9231,15.3846,0
3,2,65,7.69231,76.9231,15.3846,0
3,3,65,7.69231,76.9231,15.3846,0
3,3,65,7.69231,76.9231,15.3846,0
3,4,65,7.69231,76.9231,15.3846,0
3,4,65,7.69231,76.9231,15.3846,0
3,5,65,7.69231,76.9231,15.3846,0
3,5,65,7.69231,76.9231,15.3846,0
3,6,65,7.69231,76.9231,15.3846,0
3,6,65,7.69231,76.9231,15.3846,0
3,26,65,7.69231,76.9231,15.3846,0
3,26,65,7.69231,76.9231,15.3846,0
3,27,65,7.69231,76.9231,15.3846,0
3,27,65,7.69231,76.9231,15.3846,0
3,28,65,7.69231,76.9231,15.3846,0
3,28,65,7.69231,76.9231,15.3846,0
3,29,65,7.69231,76.9231,15.3846,0
3,29,65,7.69231,76.9231,15.3846,0
3,30,65,7.69231,76.9231,15.3846,0
3,30,65,7.69231,76.9231,15.3846,0
3,31,65,7.69231,76.9231,15.3846,0
3,31,65,7.69231,76.9231,15.3846,0
3,32,65,7.69231,76.9231,15.3846,0
3,32,65,7.69231,76.9231,15.3846,0
3,5,66,7.57576,77.2727,15.1515,0
3,4,66,7.57576,77.2727,15.1515,0
3,3,66,7.57576,77.2727,15.1515,0
3,22,66,7.57576,92.4242,0,0
3,23,66,7.57576,92.4242,0,0
3,1,66,7.57576,77.2727,15.1515,0
3,11,66,7.57576,92.4242,0,0
3,10,66,7.57576,92.4242,0,0
3,2,66,7.57576,77.2727,15.1515,0
3,0,66,7.57576,77.2727,15.1515,0
3,9,66,7.57576,92.4242,0,0
3,13,66,7.57576,92.4242,0,0
3,7,66,7.57576,92.4242,0,0
3,6,66,7.57576,77.2727,15.1515,0
3,23,67,7.46269,92.5373,0,0
3,30,67,7.46269,77.6119,14.9254,0
3,30,67,7.46269,77.6119,14.9254,0
3,22,67,7.46269,92.5373,0,0
3,13,67,7.46269,92.5373,0,0
3,27,67,7.46269,77.6119,14.9254,0
3,10,67,7.46269,92.5373,0,0
3,11,67,7.46269,92.5373,0,0
3,12,67,7.46269,92.5373,0,0
3,9,67,7.46269,92.5373,0,0
3,26,67,7.46269,77.6119,14.9254,0
3,26,67,7.46269,77.6119,14.9254,0
3,7,67,7.46269,92.5373,0,0
3,8,67,7.46269,92.5373,0,0
3,12,69,7.24638,92.7536,0,0
3,26,69,7.24638,78.2609,14.4928,0
3,26,69,7.24638,78.2609,14.4928,0
3,8,69,7.24638,92.7536,0,0
3,0,70,7.14286,78.5714,14.2857,0
3,0,70,7.14286,78.5714,14.2857,0
3,1,70,7.14286,78.5714,14.2857,0
3,1,70,7.14286,78.5714,14.2857,0
3,2,70,7.14286,78.5714,14.2857,0
3,2,70,7.14286,78.5714,14.2857,0
3,3,70,7.14286,78.5714,14.2857,0
3,3,70,7.14286,78.5714,14.2857,0
3,4,70,7.14286,78.5714,14.2857,0
3,4,70,7.14286,78.5714,14.2857,0
3,5,70,7.14286,78.5714,14.2857,0
3,5,70,7.14286,78.5714,14.2857,0
3,6,70,7.14286,78.5714,14.2857,0
3,6,70,7.14286,78.5714,14.2857,0
3,26,70,7.14286,78.5714,14.2857,0
3,26,70,7.14286,78.5714,14.2857,0
3,27,70,7.14286,78.5714,14.2857,0
3,27,70,7.14286,78.5714,14.2857,0
3,28,70,7.14286,78.5714,14.2857,0
3,28,70,7.14286,78.5714,14.2857,0
3,29,70,7.14286,78.5714,14.2857,0
3,29,70,7.14286,78.5714,14.2857,0
3,30,70,7.14286,78.5714,14.2857,0
3,30,70,7.14286,78.5714,14.2857,0
3,31,70,7.14286,78.5714,14.2857,0
3,31,70,7.14286,78.5714,14.2857,0
3,32,70,7.14286,78.5714,14.2857,0
3,32,70,7.14286,78.5714,14.2857,0
3,28,70,7.14286,78.5714,14.2857,0
3,30,70,7.14286,78.5714,14.2857,0
3,20,70,7.14286,92.8571,0,0
3,18,70,7.14286,92.8571,0,0
3,1,70,7.14286,78.5714,14.2857,0
3,21,70,7.14286,92.8571,0,0
3,27,70,7.14286,78.5714,14.2857,0
3,26,70,7.14286,78.5714,14.2857,0
3,6,70,7.14286,78.5714,14.2857,0
3,14,70,7.14286,92.8571,0,0
3,5,70,7.14286,78.5714,14.2857,0
3,4,70,7.14286,78.5714,14.2857,0
3,3,70,7.14286,78.5714,14.2857,0
3,2,70,7.14286,78.5714,14.2857,0
3,17,70,7.14286,92.8571,0,0
3,0,70,7.14286,78.5714,14.2857,0
3,6,71,7.04225,78.8732,14.0845,0
3,5,71,7.04225,78.8732,14.0845,0
3,4,71,7.04225,78.8732,14.0845,0
3,3,71,7.04225,78.8732,14.0845,0
3,11,71,7.04225,92.9577,0,0
3,22,71,7.04225,92.9577,0,0
3,2,71,7.04225,78.8732,14.0845,0
3,13,71,7.04225,92.9577,0,0
3,10,71,7.04225,92.9577,0,0
3,1,71,7.04225,78.8732,14.0845,0
3,0,71,7.04225,78.8732,14.0845,0
3,23,71,7.04225,92.9577,0,0
3,7,71,7.04225,92.9577,0,0
3,9,71,7.04225,92.9577,0,0
3,18,72,6.94444,93.0556,0,0
3,21,72,6.94444,93.0556,0,0
3,20,72,6.94444,93.0556,0,0
3,29,72,6.94444,79.1667,13.8889,0
3,29,72,6.94444,79.1667,13.8889,0
3,19,72,6.94444,93.0556,0,0
3,15,72,6.94444,93.0556,0,0
3,14,72,6.94444,93.0556,0,0
3,23,73,6.84932,93.1507,0,0
3,30,73,6.84932,79.4521,13.6986,0
3,30,73,6.84932,79.4521,13.6986,0
3,22,73,6.84932,93.1507,0,0
3,13,73,6.84932,93.1507,0,0
3,26,73,6.84932,79.4521,13.6986,0
3,27,73,6.84932,79.4521,13.6986,0
3,10,73,6.84932,93.1507,0,0
3,11,73,6.84932,93.1507,0,0
3,12,73,6.84932,93.1507,0,0
3,9,73,6.84932,93.1507,0,0
3,7,73,6.84932,93.1507,0,0
3,8,73,6.84932,93.1507,0,0
3,26,73,6.84932,79.4521,13.6986,0
3,19,74,6.75676,93.2432,0,0
3,28,74,6.75676,79.7297,13.5135,0
3,15,74,6.75676,93.2432,0,0
3,16,74,6.75676,93.2432,0,0
3,0,75,6.66667,80,13.3333,0
3,0,75,6.66667,80,13.3333,0
3,1,75,6.66667,80,13.3333,0
3,1,75,6.66667,80,13.3333,0
3,2,75,6.66667,80,13.3333,0
3,2,75,6.66667,80,13.3333,0
3,3,75,6.66667,80,13.3333,0
3,3,75,6.66667,80,13.3333,0
3,4,75,6.66667,80,13.3333,0
3,4,75,6.66667,80,13.3333,0
3,5,75,6.66667,80,13.3333,0
3,5,75,6.66667,80,13.3333,0
3,6,75,6.66667,80,13.3333,0
3,6,75,6.66667,80,13.3333,0
3,26,75,6.66667,80,13.3333,0
3,26,75,6.66667,80,13.3333,0
3,27,75,6.66667,80,13.3333,0
3,27,75,6.66667,80,13.3333,0
3,28,75,6.66667,80,13.3333,0
3,28,75,6.66667,80,13.3333,0
3,29,75,6.66667,80,13.3333,0
3,29,75,6.66667,80,13.3333,0
3,30,75,6.66667,80,13.3333,0
3,30,75,6.66667,80,13.3333,0
3,31,75,6.66667,80,13.3333,0
3,31,75,6.66667,80,13.3333,0
3,32,75,6.66667,80,13.3333,0
3,32,75,6.66667,80,13.3333,0
3,12,75,6.66667,93.3333,0,0
3,26,75,6.66667,80,13.3333,0
3,8,75,6.66667,93.3333,0,0
3,27,75,6.66667,80,13.3333,0
3,14,75,6.66667,93.3333,0,0
3,18,75,6.66667,93.3333,0,0
3,6,75,6.66667,80,13.3333,0
3,5,75,6.66667,80,13.3333,0
3,3,75,6.66667,80,13.3333,0
3,2,75,6.66667,80,13.3333,0
3,1,75,6.66667,80,13.3333,0
3,26,75,6.66667,80,13.3333,0
3,0,75,6.66667,80,13.3333,0
3,26,75,6.66667,80,13.3333,0
3,4,75,6.66667,80,13.3333,0
3,17,75,6.66667,93.3333,0,0
3,30,75,6.66667,80,13.3333,0
3,21,75,6.66667,93.3333,0,0
3,23,76,6.57895,93.4211,0,0
3,2,76,6.57895,80.2632,13.1579,0
3,11,76,6.57895,93.4211,0,0
3,1,76,6.57895,80.2632,13.1579,0
3,21,76,6.57895,93.4211,0,0
3,19,76,6.57895,93.4211,0,0
3,29,76,6.57895,80.2632,13.1579,0
3,4,76,6.57895,80.2632,13.1579,0
3,5,76,6.57895,80.2632,13.1579,0
3,13,76,6.57895,93.4211,0,0
3,0,76,6.57895,80.2632,13.1579,0
3,29,76,6.57895,80.2632,13.1579,0
3,16,76,6.57895,93.4211,0,0
3,14,76,6.57895,93.4211,0,0
3,18,76,6.57895,93.4211,0,0
3,3,76,6.57895,80.2632,13.1579,0
3,22,76,6.57895,93.4211,0,0
3,10,76,6.57895,93.4211,0,0
3,9,76,6.57895,93.4211,0,0
3,7,76,6.57895,93.4211,0,0
3,6,76,6.57895,80.2632,13.1579,0
3,15,76,6.57895,93.4211,0,0
3,11,77,6.49351,93.5065,0,0
3,23,77,6.49351,93.5065,0,0
3,29,77,6.49351,80.5195,12.987,0
3,30,77,6.49351,80.5195,12.987,0
3,24,77,6.49351,93.5065,0,0
3,25,77,6.49351,93.5065,0,0
3,22,77,6.49351,93.5065,0,0
3,13,77,6.49351,93.5065,0,0
3,27,77,6.49351,80.5195,12.987,0
3,30,77,6.49351,80.5195,12.987,0
3,26,77,6.49351,80.5195,12.987,0
3,12,77,6.49351,93.5065,0,0
3,10,77,6.49351,93.5065,0,0
3,9,77,6.49351,93.5065,0,0
3,26,77,6.49351,80.5195,12.987,0
3,7,77,6.49351,93.5065,0,0
3,8,77,6.49351,93.5065,0,0
3,19,78,6.41026,93.5897,0,0
3,28,78,6.41026,80.7692,12.8205,0
3,25,78,6.41026,93.5897,0,0
3,15,78,6.41026,93.5897,0,0
3,16,78,6.41026,93.5897,0,0
3,12,79,6.32911,93.6709,0,0
3,20,79,6.32911,93.6709,0,0
3,28,79,6.32911,81.0127,12.6582,0
3,8,79,6.32911,93.6709,0,0
3,26,79,6.32911,81.0127,12.6582,0
3,26,79,6.32911,81.0127,12.6582,0
3,0,80,6.25,81.25,12.5,0
3,0,80,6.25,81.25,12.5,0
3,1,80,6.25,81.25,12.5,0
3,1,80,6.25,81.25,12.5,0
3,2,80,6.25,81.25,12.5,0
3,2,80,6.25,81.25,12.5,0
3,3,80,6.25,81.25,12.5,0
3,3,80,6.25,81.25,12.5,0
3,4,80,6.25,81.25,12.5,0
3,4,80,6.25,81.25,12.5,0
3,5,80,6.25,81.25,12.5,0
3,5,80,6.25,81.25,12.5,0
3,6,80,6.25,81.25,12.5,0
3,6,80,6.25,81.25,12.5,0
3,26,80,6.25,81.25,12.5,0
3,26,80,6.25,81.25,12.5,0
3,27,80,6.25,81.25,12.5,0
3,27,80,6.25,81.25,12.5,0
3,28,80,6.25,81.25,12.5,0
3,28,80,6.25,81.25,12.5,0
3,29,80,6.25,81.25,12.5,0
3,29,80,6.25,81.25,12.5,0
3,30,80,6.25,81.25,12.5,0
3,30,80,6.25,81.25,12.5,0
3,31,80,6.25,81.25,12.5,0
3,31,80,6.25,81.25,12.5,0
3,32,80,6.25,81.25,12.5,0
3,32,80,6.25,81.25,12.5,0
3,20,80,6.25,93.75,0,0
3,26,80,6.25,81.25,12.5,0
3,16,80,6.25,93.75,0,0
3,14,80,6.25,93.75,0,0
3,29,80,6.25,81.25,12.5,0
3,6,80,6.25,81.25,12.5,0
3,5,80,6.25,81.25,12.5,0
3,30,80,6.25,81.25,12.5,0
3,27,80,6.25,81.25,12.5,0
3,4,80,6.25,81.25,12.5,0
3,3,80,6.25,81.25,12.5,0
3,1,80,6.25,81.25,12.5,0
3,2,80,6.25,81.25,12.5,0
3,18,80,6.25,93.75,0,0
3,29,80,6.25,81.25,12.5,0
3,0,80,6.25,81.25,12.5,0
3,17,80,6.25,93.75,0,0
3,21,80,6.25,93.75,0,0
3,5,81,6.17284,81.4815,12.3457,0
3,22,81,6.17284,93.8272,0,0
3,6,81,6.17284,81.4815,12.3457,0
3,1,81,6.17284,81.4815,12.3457,0
3,10,81,6.17284,93.8272,0,0
3,23,81,6.17284,93.8272,0,0
3,7,81,6.17284,93.8272,0,0
3,13,81,6.17284,93.8272,0,0
3,9,81,6.17284,93.8272,0,0
3,3,81,6.17284,81.4815,12.3457,0
3,0,81,6.17284,81.4815,12.3457,0
3,11,81,6.17284,93.8272,0,0
3,4,81,6.17284,81.4815,12.3457,0
3,2,81,6.17284,81.4815,12.3457,0
3,17,82,6.09756,93.9024,0,0
3,21,82,6.09756,93.9024,0,0
3,18,82,6.09756,93.9024,0,0
3,19,82,6.09756,93.9024,0,0
3,29,82,6.09756,81.7073,12.1951,0
3,28,82,6.09756,81.7073,12.1951,0
3,23,83,6.0241,93.9759,0,0
3,30,83,6.0241,81.9277,12.0482,0
3,11,83,6.0241,93.9759,0,0
3,13,83,6.0241,93.9759,0,0
3,22,83,6.0241,93.9759,0,0
3,30,83,6.0241,81.9277,12.0482,0
3,12,83,6.0241,93.9759,0,0
3,27,83,6.0241,81.9277,12.0482,0
3,10,83,6.0241,93.9759,0,0
3,26,83,6.0241,81.9277,12.0482,0
3,9,83,6.0241,93.9759,0,0
3,26,83,6.0241,81.9277,12.0482,0
3,7,83,6.0241,93.9759,0,0
3,8,83,6.0241,93.9759,0,0
3,19,84,5.95238,94.0476,0,0
3,28,84,5.95238,82.1429,11.9048,0
3,20,84,5.95238,94.0476,0,0
3,28,84,5.95238,82.1429,11.9048,0
3,0,85,5.88235,82.3529,11.7647,0
3,0,85,5.88235,82.3529,11.7647,0
3,1,85,5.88235,82.3529,11.7647,0
3,1,85,5.88235,82.3529,11.7647,0
3,2,85,5.88235,82.3529,11.7647,0
3,2,85,5.88235,82.3529,11.7647,0
3,3,85,5.88235,82.3529,11.7647,0
3,3,85,5.88235,82.3529,11.7647,0
3,4,85,5.88235,82.3529,11.7647,0
3,4,85,5.88235,82.3529,11.7647,0
3,5,85,5.88235,82.3529,11.7647,0
3,5,85,5.88235,82.3529,11.7647,0
3,6,85,5.88235,82.3529,11.7647,0
3,6,85,5.88235,82.3529,11.7647,0
3,26,85,5.88235,82.3529,11.7647,0
3,26,85,5.88235,82.3529,11.7647,0
3,27,85,5.88235,82.3529,11.7647,0
3,27,85,5.88235,82.3529,11.7647,0
3,28,85,5.88235,82.3529,11.7647,0
3,28,85,5.88235,82.3529,11.7647,0
3,29,85,5.88235,82.3529,11.7647,0
3,29,85,5.88235,82.3529,11.7647,0
3,30,85,5.88235,82.3529,11.7647,0
3,30,85,5.88235,82.3529,11.7647,0
3,31,85,5.88235,82.3529,11.7647,0
3,31,85,5.88235,82.3529,11.7647,0
3,32,85,5.88235,82.3529,11.7647,0
3,32,85,5.88235,82.3529,11.7647,0
3,26,85,5.88235,82.3529,11.7647,0
3,12,85,5.88235,94.1176,0,0
3,30,85,5.88235,82.3529,11.7647,0
3,14,85,5.88235,94.1176,0,0
3,8,85,5.88235,94.1176,0,0
3,0,85,5.88235,82.3529,11.7647,0
3,6,85,5.88235,82.3529,11.7647,0
3,26,85,5.88235,82.3529,11.7647,0
3,5,85,5.88235,82.3529,11.7647,0
3,24,85,5.88235,94.1176,0,0
3,17,85,5.88235,94.1176,0,0
3,26,85,5.88235,82.3529,11.7647,0
3,4,85,5.88235,82.3529,11.7647,0
3,3,85,5.88235,82.3529,11.7647,0
3,2,85,5.88235,82.3529,11.7647,0
3,1,85,5.88235,82.3529,11.7647,0
3,29,85,5.88235,82.3529,11.7647,0
3,21,85,5.88235,94.1176,0,0
3,18,85,5.88235,94.1176,0,0
3,25,85,5.88235,94.1176,0,0
3,27,85,5.88235,82.3529,11.7647,0
3,5,86,5.81395,82.5581,11.6279,0
3,4,86,5.81395,82.5581,11.6279,0
3,23,86,5.81395,94.186,0,0
3,21,86,5.81395,94.186,0,0
3,13,86,5.81395,94.186,0,0
3,11,86,5.81395,94.186,0,0
3,6,86,5.81395,82.5581,11.6279,0
3,29,86,5.81395,82.5581,11.6279,0
3,20,86,5.81395,94.186,0,0
3,1,86,5.81395,82.5581,11.6279,0
3,10,86,5.81395,94.186,0,0
3,2,86,5.81395,82.5581,11.6279,0
3,9,86,5.81395,94.186,0,0
3,22,86,5.81395,94.186,0,0
3,17,86,5.81395,94.186,0,0
3,0,86,5.81395,82.5581,11.6279,0
3,28,86,5.81395,82.5581,11.6279,0
3,3,86,5.81395,82.5581,11.6279,0
3,7,86,5.81395,94.186,0,0
3,29,86,5.81395,82.5581,11.6279,0
3,19,86,5.81395,94.186,0,0
3,18,86,5.81395,94.186,0,0
3,24,87,5.74713,94.2529,0,0
3,23,87,5.74713,94.2529,0,0
3,30,87,5.74713,82.7586,11.4943,0
3,13,87,5.74713,94.2529,0,0
3,22,87,5.74713,94.2529,0,0
3,11,87,5.74713,94.2529,0,0
3,30,87,5.74713,82.7586,11.4943,0
3,27,87,5.74713,82.7586,11.4943,0
3,7,87,5.74713,94.2529,0,0
3,26,87,5.74713,82.7586,11.4943,0
3,9,87,5.74713,94.2529,0,0
3,26,87,5.74713,82.7586,11.4943,0
3,10,87,5.74713,94.2529,0,0
3,8,87,5.74713,94.2529,0,0
3,12,87,5.74713,94.2529,0,0
3,19,88,5.68182,94.3182,0,0
3,28,88,5.68182,82.9545,11.3636,0
3,12,89,5.61798,94.382,0,0
3,28,89,5.61798,83.1461,11.236,0
3,20,89,5.61798,94.382,0,0
3,26,89,5.61798,83.1461,11.236,0
3,26,89,5.61798,83.1461,11.236,0
3,8,89,5.61798,94.382,0,0
3,0,90,5.55556,83.3333,11.1111,0
3,0,90,5.55556,83.3333,11.1111,0
3,1,90,5.55556,83.3333,11.1111,0
3,1,90,5.55556,83.3333,11.1111,0
3,2,90,5.55556,83.3333,11.1111,0
3,2,90,5.55556,83.3333,11.1111,0
3,3,90,5.55556,83.3333,11.1111,0
3,3,90,5.55556,83.3333,11.1111,0
3,4,90,5.55556,83.3333,11.1111,0
3,4,90,5.55556,83.3333,11.1111,0
3,5,90,5.55556,83.3333,11.1111,0
3,5,90,5.55556,83.3333,11.1111,0
3,6,90,5.55556,83.3333,11.1111,0
3,6,90,5.55556,83.3333,11.1111,0
3,26,90,5.55556,83.3333,11.1111,0
3,26,90,5.55556,83.3333,11.1111,0
3,27,90,5.55556,83.3333,11.1111,0
3,27,90,5.55556,83.3333,11.1111,0
3,28,90,5.55556,83.3333,11.1111,0
3,28,90,5.55556,83.3333,11.1111,0
3,29,90,5.55556,83.3333,11.1111,0
3,29,90,5.55556,83.3333,11.1111,0
3,30,90,5.55556,83.3333,11.1111,0
3,30,90,5.55556,83.3333,11.1111,0
3,31,90,5.55556,83.3333,11.1111,0
3,31,90,5.55556,83.3333,11.1111,0
3,32,90,5.55556,83.3333,11.1111,0
3,32,90,5.55556,83.3333,11.1111,0
3,20,90,5.55556,94.4444,0,0
3,6,90,5.55556,83.3333,11.1111,0
3,29,90,5.55556,83.3333,11.1111,0
3,4,90,5.55556,83.3333,11.1111,0
3,3,90,5.55556,83.3333,11.1111,0
3,5,90,5.55556,83.3333,11.1111,0
3,18,90,5.55556,94.4444,0,0
3,26,90,5.55556,83.3333,11.1111,0
3,30,90,5.55556,83.3333,11.1111,0
3,0,90,5.55556,83.3333,11.1111,0
3,21,90,5.55556,94.4444,0,0
3,27,90,5.55556,83.3333,11.1111,0
3,2,90,5.55556,83.3333,11.1111,0
3,1,90,5.55556,83.3333,11.1111,0
3,17,90,5.55556,94.4444,0,0
3,14,90,5.55556,94.4444,0,0
3,21,92,5.43478,94.5652,0,0
3,29,92,5.43478,81.5217,13.0435,0
3,14,92,5.43478,94.5652,0,0
3,18,92,5.43478,94.5652,0,0
3,19,92,5.43478,94.5652,0,0
3,15,92,5.43478,94.5652,0,0
3,19,94,5.31915,94.6809,0,0
3,28,94,5.31915,79.7872,14.8936,0
3,15,94,5.31915,94.6809,0,0
3,16,94,5.31915,94.6809,0,0
3,0,95,5.26316,78.9474,15.7895,0
3,0,95,5.26316,78.9474,15.7895,0
3,1,95,5.26316,78.9474,15.7895,0
3,1,95,5.26316,78.9474,15.7895,0
3,2,95,5.26316,78.9474,15.7895,0
3,2,95,5.26316,78.9474,15.7895,0
3,3,95,5.26316,78.9474,15.7895,0
3,3,95,5.26316,78.9474,15.7895,0
3,4,95,5.26316,78.9474,15.7895,0
3,4,95,5.26316,78.9474,15.7895,0
3,5,95,5.26316,78.9474,15.7895,0
3,5,95,5.26316,78.9474,15.7895,0
3,6,95,5.26316,78.9474,15.7895,0
3,6,95,5.26316,78.9474,15.7895,0
3,26,95,5.26316,78.9474,15.7895,0
3,26,95,5.26316,78.9474,15.7895,0
3,27,95,5.26316,78.9474,15.7895,0
3,27,95,5.26316,78.9474,15.7895,0
3,28,95,5.26316,78.9474,15.7895,0
3,28,95,5.26316,78.9474,15.7895,0
3,29,95,5.26316,78.9474,15.7895,0
3,29,95,5.26316,78.9474,15.7895,0
3,30,95,5.26316,78.9474,15.7895,0
3,30,95,5.26316,78.9474,15.7895,0
3,31,95,5.26316,78.9474,15.7895,0
3,31,95,5.26316,78.9474,15.7895,0
3,32,95,5.26316,78.9474,15.7895,0
3,32,95,5.26316,78.9474,15.7895,0
3,4,96,5.20833,79.1667,15.625,0
3,23,96,5.20833,94.7917,0,0
3,13,96,5.20833,94.7917,0,0
3,0,96,5.20833,79.1667,15.625,0
3,22,96,5.20833,94.7917,0,0
3,1,96,5.20833,79.1667,15.625,0
3,16,96,5.20833,94.7917,0,0
3,10,96,5.20833,94.7917,0,0
3,7,96,5.20833,94.7917,0,0
3,6,96,5.20833,79.1667,15.625,0
3,11,96,5.20833,94.7917,0,0
3,5,96,5.20833,79.1667,15.625,0
3,3,96,5.20833,79.1667,15.625,0
3,9,96,5.20833,94.7917,0,0
3,2,96,5.20833,79.1667,15.625,0
3,29,96,5.20833,79.1667,15.625,0
3,11,97,5.15464,94.8454,0,0
3,23,97,5.15464,94.8454,0,0
3,30,97,5.15464,79.3814,15.4639,0
3,22,97,5.15464,94.8454,0,0
3,13,97,5.15464,94.8454,0,0
3,27,97,5.15464,79.3814,15.4639,0
3,30,97,5.15464,79.3814,15.4639,0
3,26,97,5.15464,79.3814,15.4639,0
3,10,97,5.15464,94.8454,0,0
3,12,97,5.15464,94.8454,0,0
3,9,97,5.15464,94.8454,0,0
3,26,97,5.15464,79.3814,15.4639,0
3,7,97,5.15464,94.8454,0,0
3,8,97,5.15464,94.8454,0,0
3,12,99,5.05051,94.9495,0,0
3,26,99,5.05051,79.798,15.1515,0
3,8,99,5.05051,94.9495,0,0
3,26,99,5.05051,79.798,15.1515,0
3,0,100,5,80,15,0
3,0,100,5,80,15,0
3,1,100,5,80,15,0
3,1,100,5,80,15,0
3,2,100,5,80,15,0
3,2,100,5,80,15,0
3,3,100,5,80,15,0
3,3,100,5,80,15,0
3,4,100,5,80,15,0
3,4,100,5,80,15,0
3,5,100,5,80,15,0
3,5,100,5,80,15,0
3,6,100,5,80,15,0
3,6,100,5,80,15,0
3,26,100,5,80,15,0
3,26,100,5,80,15,0
3,27,100,5,80,15,0
3,27,100,5,80,15,0
3,28,100,5,80,15,0
3,28,100,5,80,15,0
3,29,100,5,80,15,0
3,29,100,5,80,15,0
3,30,100,5,80,15,0
3,30,100,5,80,15,0
3,31,100,5,80,15,0
3,31,100,5,80,15,0
3,32,100,5,80,15,0
3,32,100,5,80,15,0
3,27,100,5,80,15,0
3,18,100,5,95,0,0
3,29,100,5,80,15,0
3,14,100,5,95,0,0
3,30,100,5,80,15,0
3,21,100,5,95,0,0
3,6,100,5,80,15,0
3,5,100,5,80,15,0
3,17,100,5,95,0,0
3,26,100,5,80,15,0
3,3,100,5,80,15,0
3,2,100,5,80,15,0
3,1,100,5,80,15,0
3,24,100,5,95,0,0
3,4,100,5,80,15,0
3,0,100,5,80,15,0
3,25,100,5,95,0,0
3,0,100,5,80,15,0
3,1,100,5,80,15,0
3,2,100,5,80,15,0
3,3,100,5,80,15,0
3,4,100,5,80,15,0
3,5,100,5,80,15,0
3,6,100,5,80,15,0
3,7,100,5,95,0,0
3,8,100,5,95,0,0
3,9,100,5,95,0,0
3,10,100,5,95,0,0
3,11,100,5,95,0,0
3,12,100,5,95,0,0
3,13,100,5,95,0,0
3,14,100,5,95,0,0
3,15,100,5,95,0,0
3,16,100,5,95,0,0
3,17,100,5,95,0,0
3,18,100,5,95,0,0
3,19,100,5,95,0,0
3,20,100,5,95,0,0
3,21,100,5,95,0,0
3,22,100,5,95,0,0
3,23,100,5,95,0,0
3,24,100,5,95,0,0
3,25,100,5,95,0,0
3,26,100,5,80,15,0
3,27,100,5,80,15,0
3,28,100,5,80,15,0
3,29,100,5,80,15,0
3,30,100,5,80,15,0
3,31,100,5,80,15,0
3,32,100,5,80,15,0
